totalAck	6992

Ack	consumerTimeDelay	BPTimeDelay
0	8	x
1	3	26
2	1	7
3	1	5
4	2	5
5	1	6
6	1	3
7	0	3
8	1	4
9	1	13
10	1	5
11	1	5
12	3	3
13	1	5
14	1	6
15	1	1
16	1	1
17	0	3
18	0	2
19	1	2
20	0	2
21	1	1
22	1	2
23	0	3
24	0	2
25	0	2
26	0	3
27	1	1
28	1	2
29	0	2
30	0	3
31	1	2
32	3	3
33	2	1
34	1	2
35	1	1
36	1	5
37	2	2
38	1	1
39	1	2
40	0	2
41	1	4
42	1	3
43	0	4
44	1	2
45	1	4
46	3	1
47	0	1
48	0	2
49	1	2
50	1	2
51	1	3
52	0	6
53	7	2
54	0	3
55	1	2
56	1	2
57	3	3
58	1	2
59	1	2
60	1	2
61	1	3
62	0	3
63	0	3
64	1	2
65	0	2
66	1	3
67	2	2
68	1	3
69	2	2
70	2	4
71	1	4
72	1	2
73	1	1
74	1	1
75	1	3
76	1	2
77	1	1
78	1	1
79	1	2
80	1	1
81	1	2
82	0	2
83	0	2
84	0	2
85	1	2
86	2	2
87	1	2
88	1	1
89	1	2
90	1	1
91	1	1
92	1	1
93	0	2
94	4	3
95	1	1
96	0	2
97	0	1
98	0	1
99	1	3
100	1	2
101	1	2
102	4	3
103	1	3
104	2	2
105	2	3
106	0	2
107	1	2
108	1	7
109	2	2
110	1	2
111	2	3
112	3	1
113	4	3
114	1	1
115	1	2
116	2	1
117	1	4
118	1	2
119	0	1
120	1	1
121	0	1
122	1	1
123	1	1
124	1	1
125	0	2
126	2	3
127	3	1
128	1	1
129	1	1
130	2	1
131	3	1
132	1	2
133	1	1
134	2	2
135	1	1
136	1	1
137	0	1
138	1	1
139	1	1
140	1	1
141	1	1
142	1	1
143	1	1
144	0	2
145	1	1
146	1	2
147	1	1
148	1	1
149	1	1
150	0	2
151	0	3
152	1	3
153	3	2
154	4	1
155	1	1
156	0	1
157	2	2
158	2	1
159	0	1
160	0	2
161	2	1
162	2	15
163	7	2
164	0	2
165	1	2
166	1	1
167	1	11
168	1	3
169	1	4
170	1	3
171	1	2
172	3	3
173	36	2
174	1	3
175	3	2
176	0	2
177	1	3
178	2	3
179	1	2
180	1	2
181	3	1
182	4	3
183	2	2
184	4	2
185	1	2
186	1	2
187	1	2
188	1	4
189	1	2
190	1	2
191	1	2
192	1	2
193	1	3
194	1	2
195	1	2
196	1	3
197	1	2
198	1	2
199	1	2
200	1	2
201	1	2
202	1	2
203	1	2
204	1	2
205	4	3
206	1	1
207	1	4
208	1	1
209	1	2
210	3	3
211	3	2
212	1	2
213	0	1
214	1	2
215	0	1
216	1	3
217	3	2
218	1	1
219	0	1
220	1	1
221	1	1
222	1	4
223	1	2
224	1	2
225	1	2
226	1	7
227	1	1
228	3	12
229	0	1
230	1	1
231	0	2
232	1	1
233	2	2
234	2	2
235	2	1
236	1	2
237	3	2
238	3	2
239	1	1
240	1	1
241	1	3
242	1	1
243	1	1
244	0	1
245	0	1
246	1	3
247	1	5
248	1	4
249	2	1
250	1	2
251	0	3
252	1	5
253	1	1
254	0	2
255	1	2
256	2	3
257	2	2
258	0	2
259	1	2
260	3	3
261	2	2
262	1	2
263	0	2
264	1	2
265	1	2
266	1	1
267	1	2
268	0	3
269	1	2
270	0	1
271	2	2
272	1	1
273	1	2
274	0	1
275	1	2
276	0	4
277	0	3
278	2	2
279	3	2
280	1	3
281	2	2
282	1	2
283	1	2
284	0	2
285	1	2
286	0	2
287	1	1
288	1	2
289	1	1
290	1	2
291	1	1
292	1	2
293	1	1
294	1	2
295	0	2
296	1	2
297	1	2
298	0	3
299	4	2
300	1	2
301	1	2
302	1	4
303	4	1
304	1	1
305	0	1
306	1	2
307	1	3
308	2	1
309	0	2
310	1	1
311	1	2
312	0	2
313	1	3
314	1	3
315	1	2
316	0	2
317	1	2
318	1	2
319	3	2
320	0	2
321	2	3
322	1	4
323	1	2
324	1	2
325	1	3
326	1	2
327	1	2
328	2	2
329	1	2
330	4	1
331	1	3
332	1	1
333	0	2
334	2	1
335	2	2
336	1	5
337	2	2
338	1	2
339	0	2
340	1	2
341	0	2
342	1	5
343	1	2
344	1	2
345	0	2
346	1	2
347	1	2
348	0	2
349	1	2
350	0	2
351	1	2
352	2	3
353	5	2
354	1	1
355	1	5
356	3	1
357	0	3
358	0	1
359	1	1
360	1	1
361	1	3
362	1	1
363	1	2
364	0	2
365	1	1
366	1	1
367	1	3
368	1	2
369	1	1
370	0	2
371	1	2
372	1	3
373	1	2
374	1	2
375	0	2
376	1	2
377	0	2
378	3	4
379	1	1
380	0	1
381	4	1
382	0	2
383	2	2
384	1	1
385	0	2
386	0	2
387	0	1
388	1	1
389	0	2
390	0	2
391	1	1
392	2	2
393	32	2
394	1	2
395	1	2
396	1	1
397	0	2
398	1	2
399	1	2
400	1	2
401	1	1
402	1	2
403	1	1
404	2	2
405	1	1
406	1	1
407	0	2
408	0	2
409	3	1
410	1	1
411	1	1
412	3	2
413	1	1
414	1	1
415	1	2
416	1	2
417	1	1
418	0	2
419	0	2
420	0	2
421	0	2
422	0	3
423	1	1
424	3	2
425	1	1
426	1	1
427	1	2
428	1	2
429	1	2
430	1	2
431	0	3
432	1	1
433	1	3
434	0	3
435	2	2
436	0	1
437	1	2
438	0	2
439	1	2
440	1	2
441	1	1
442	1	2
443	0	3
444	0	3
445	1	2
446	2	2
447	1	2
448	1	2
449	1	3
450	1	2
451	6	3
452	1	1
453	1	2
454	0	2
455	0	2
456	0	2
457	0	1
458	0	1
459	1	1
460	1	1
461	1	5
462	3	1
463	1	1
464	1	1
465	1	1
466	2	2
467	2	4
468	4	1
469	1	3
470	1	2
471	1	1
472	0	1
473	1	1
474	1	1
475	1	1
476	1	1
477	0	2
478	0	1
479	1	1
480	1	1
481	1	2
482	1	1
483	1	2
484	0	1
485	1	2
486	1	1
487	1	1
488	0	2
489	0	1
490	1	1
491	1	1
492	0	2
493	3	1
494	1	2
495	2	1
496	1	1
497	0	2
498	0	1
499	1	3
500	0	2
501	1	1
502	1	1
503	1	1
504	0	3
505	1	2
506	2	2
507	1	1
508	1	1
509	1	1
510	0	2
511	0	1
512	1	1
513	0	1
514	0	1
515	1	2
516	0	1
517	1	2
518	0	2
519	1	1
520	1	2
521	1	2
522	1	2
523	0	2
524	1	1
525	0	2
526	1	2
527	2	2
528	2	1
529	2	2
530	1	1
531	1	2
532	1	2
533	2	2
534	0	2
535	0	2
536	2	1
537	1	2
538	0	2
539	0	1
540	1	1
541	1	2
542	1	1
543	2	1
544	1	2
545	3	2
546	3	1
547	1	1
548	0	2
549	0	3
550	1	1
551	1	3
552	1	2
553	0	2
554	1	2
555	2	4
556	1	2
557	0	3
558	1	3
559	0	2
560	6	2
561	1	2
562	0	1
563	1	2
564	2	1
565	1	1
566	1	1
567	3	2
568	1	3
569	1	1
570	1	1
571	1	1
572	1	10
573	2	3
574	1	1
575	1	3
576	1	5
577	1	2
578	0	3
579	1	2
580	0	2
581	0	3
582	0	4
583	1	2
584	1	2
585	0	2
586	1	3
587	1	2
588	1	1
589	0	2
590	1	2
591	1	2
592	0	2
593	1	2
594	1	2
595	0	2
596	7	2
597	5	1
598	1	1
599	1	2
600	1	3
601	1	3
602	1	1
603	0	2
604	0	2
605	0	2
606	1	2
607	0	2
608	1	2
609	3	1
610	1	1
611	4	1
612	0	2
613	1	1
614	2	3
615	1	3
616	0	2
617	0	2
618	0	2
619	0	2
620	0	1
621	1	1
622	1	3
623	1	2
624	0	2
625	0	2
626	0	1
627	1	1
628	0	1
629	0	1
630	2	1
631	1	1
632	1	1
633	1	1
634	0	1
635	0	1
636	1	1
637	3	4
638	1	1
639	1	1
640	1	2
641	4	2
642	0	2
643	1	2
644	2	2
645	1	1
646	0	2
647	0	2
648	3	4
649	1	2
650	0	2
651	1	3
652	1	1
653	1	2
654	0	2
655	2	2
656	1	2
657	0	3
658	1	1
659	0	1
660	0	1
661	1	1
662	0	1
663	1	2
664	1	1
665	0	1
666	1	1
667	2	1
668	1	2
669	1	2
670	0	2
671	1	2
672	0	2
673	1	2
674	0	2
675	1	1
676	0	2
677	0	2
678	1	2
679	1	3
680	4	2
681	1	1
682	1	2
683	2	2
684	1	2
685	0	2
686	1	2
687	0	2
688	1	2
689	1	2
690	0	2
691	1	1
692	0	2
693	1	1
694	1	2
695	1	2
696	10	2
697	1	2
698	1	2
699	0	2
700	1	2
701	0	2
702	1	1
703	1	2
704	1	1
705	1	2
706	0	2
707	1	1
708	1	2
709	0	2
710	1	2
711	1	2
712	0	2
713	1	1
714	0	2
715	0	2
716	1	3
717	0	2
718	0	1
719	1	1
720	1	1
721	2	2
722	1	1
723	1	3
724	4	2
725	1	2
726	0	2
727	0	1
728	0	1
729	1	1
730	5	1
731	0	2
732	0	1
733	1	1
734	1	1
735	1	1
736	1	2
737	1	1
738	1	1
739	0	2
740	0	2
741	0	1
742	1	1
743	0	3
744	1	2
745	1	2
746	1	1
747	0	2
748	1	2
749	2	2
750	0	1
751	1	1
752	0	2
753	0	2
754	1	1
755	1	3
756	2	2
757	1	1
758	1	2
759	0	2
760	1	1
761	1	4
762	1	1
763	1	2
764	0	2
765	1	1
766	1	2
767	1	2
768	1	2
769	1	1
770	1	2
771	0	2
772	1	1
773	0	2
774	1	1
775	1	2
776	0	2
777	1	1
778	1	2
779	0	1
780	1	1
781	1	1
782	1	1
783	1	1
784	1	1
785	0	2
786	0	1
787	1	1
788	0	1
789	1	1
790	0	2
791	0	2
792	1	1
793	1	2
794	1	2
795	0	1
796	1	3
797	1	1
798	1	3
799	0	2
800	1	1
801	1	2
802	0	2
803	1	2
804	0	2
805	1	1
806	0	2
807	1	1
808	1	2
809	1	2
810	1	1
811	1	1
812	1	1
813	1	1
814	0	2
815	0	1
816	1	1
817	2	1
818	1	1
819	1	2
820	0	1
821	1	1
822	0	2
823	0	1
824	1	3
825	1	1
826	0	2
827	5	1
828	0	2
829	0	1
830	0	2
831	1	1
832	1	1
833	1	1
834	1	1
835	1	2
836	1	3
837	0	1
838	1	1
839	0	2
840	0	2
841	0	1
842	1	1
843	1	1
844	1	2
845	1	1
846	1	1
847	2	1
848	0	2
849	0	1
850	1	1
851	1	4
852	0	1
853	1	1
854	0	1
855	0	1
856	1	1
857	0	1
858	1	1
859	1	1
860	1	1
861	1	1
862	2	1
863	0	2
864	0	1
865	1	1
866	0	2
867	0	1
868	1	1
869	2	2
870	1	1
871	2	1
872	1	4
873	0	2
874	2	2
875	1	2
876	0	1
877	1	1
878	0	2
879	0	1
880	1	1
881	0	1
882	1	1
883	0	2
884	0	1
885	1	1
886	0	1
887	1	3
888	1	2
889	0	2
890	1	2
891	1	2
892	1	2
893	0	2
894	1	2
895	0	2
896	1	2
897	1	2
898	1	2
899	1	2
900	1	1
901	2	1
902	1	3
903	1	2
904	1	1
905	1	2
906	2	2
907	1	2
908	1	1
909	1	2
910	1	1
911	0	1
912	0	2
913	0	1
914	1	1
915	1	1
916	0	2
917	0	1
918	1	1
919	1	1
920	0	2
921	0	1
922	1	1
923	0	2
924	0	1
925	3	2
926	1	1
927	1	2
928	1	2
929	0	2
930	0	3
931	0	2
932	1	2
933	1	2
934	2	1
935	1	1
936	4	1
937	0	1
938	0	1
939	4	4
940	1	1
941	1	1
942	0	1
943	1	1
944	0	1
945	1	1
946	0	3
947	3	1
948	2	2
949	1	1
950	0	2
951	1	1
952	0	4
953	0	2
954	1	2
955	2	1
956	1	1
957	1	1
958	1	2
959	1	1
960	0	2
961	0	1
962	1	1
963	0	2
964	0	1
965	1	1
966	1	1
967	0	1
968	1	1
969	1	1
970	0	2
971	0	1
972	1	1
973	0	1
974	1	1
975	0	2
976	0	1
977	1	1
978	1	1
979	1	1
980	0	1
981	1	1
982	1	1
983	1	2
984	28	2
985	3	3
986	1	1
987	0	2
988	0	2
989	1	1
990	1	1
991	0	2
992	0	1
993	1	3
994	0	1
995	1	1
996	0	1
997	1	1
998	0	1
999	1	1
1000	1	1
1001	0	1
1002	1	1
1003	1	1
1004	2	1
1005	1	1
1006	0	2
1007	0	1
1008	1	1
1009	0	2
1010	16	3
1011	2	3
1012	1	2
1013	0	1
1014	1	1
1015	1	1
1016	0	1
1017	0	1
1018	1	1
1019	1	2
1020	0	1
1021	1	1
1022	1	1
1023	0	2
1024	1	2
1025	0	2
1026	3	2
1027	0	2
1028	1	2
1029	0	2
1030	1	2
1031	1	3
1032	0	2
1033	1	2
1034	0	2
1035	1	1
1036	1	2
1037	2	2
1038	1	2
1039	0	2
1040	1	1
1041	1	1
1042	0	2
1043	0	2
1044	0	2
1045	1	2
1046	1	2
1047	3	3
1048	1	2
1049	4	2
1050	3	2
1051	0	2
1052	1	3
1053	2	4
1054	1	2
1055	0	2
1056	1	1
1057	1	3
1058	0	2
1059	1	3
1060	1	2
1061	1	3
1062	1	1
1063	0	2
1064	0	2
1065	1	1
1066	1	2
1067	0	2
1068	0	1
1069	0	1
1070	1	1
1071	1	1
1072	0	1
1073	1	1
1074	1	1
1075	0	1
1076	0	1
1077	1	1
1078	0	1
1079	0	1
1080	3	1
1081	1	1
1082	0	2
1083	0	1
1084	1	1
1085	1	1
1086	0	3
1087	0	1
1088	0	1
1089	1	1
1090	2	1
1091	0	1
1092	0	1
1093	1	1
1094	0	4
1095	0	2
1096	1	1
1097	1	1
1098	0	1
1099	1	1
1100	0	1
1101	1	1
1102	0	1
1103	1	1
1104	0	2
1105	0	1
1106	1	1
1107	1	1
1108	0	2
1109	0	1
1110	1	1
1111	0	2
1112	0	1
1113	1	3
1114	0	2
1115	1	1
1116	1	2
1117	1	1
1118	0	2
1119	0	3
1120	1	2
1121	1	1
1122	0	2
1123	1	1
1124	0	2
1125	1	3
1126	1	1
1127	1	2
1128	0	2
1129	1	2
1130	0	2
1131	1	2
1132	1	3
1133	1	2
1134	1	1
1135	1	2
1136	0	2
1137	1	2
1138	2	1
1139	0	1
1140	1	1
1141	1	1
1142	1	2
1143	0	2
1144	3	3
1145	2	3
1146	1	1
1147	1	1
1148	1	1
1149	0	2
1150	2	2
1151	2	2
1152	0	1
1153	1	1
1154	0	2
1155	1	1
1156	2	1
1157	1	1
1158	1	1
1159	0	1
1160	1	1
1161	1	1
1162	0	2
1163	0	1
1164	1	1
1165	1	1
1166	0	2
1167	0	1
1168	1	1
1169	1	2
1170	0	1
1171	1	1
1172	1	1
1173	1	1
1174	1	2
1175	1	2
1176	1	1
1177	1	2
1178	0	2
1179	1	1
1180	2	3
1181	3	2
1182	1	2
1183	1	1
1184	1	2
1185	2	2
1186	1	1
1187	1	2
1188	0	2
1189	1	1
1190	1	2
1191	0	2
1192	1	1
1193	1	2
1194	0	2
1195	1	1
1196	1	2
1197	0	2
1198	1	2
1199	0	3
1200	0	2
1201	1	2
1202	0	2
1203	1	1
1204	1	3
1205	1	1
1206	1	2
1207	1	1
1208	1	1
1209	0	1
1210	0	1
1211	1	1
1212	0	3
1213	1	1
1214	0	1
1215	1	1
1216	0	1
1217	1	1
1218	1	1
1219	1	2
1220	1	2
1221	2	2
1222	0	2
1223	2	2
1224	0	2
1225	1	1
1226	1	2
1227	2	2
1228	1	2
1229	1	2
1230	0	2
1231	0	2
1232	1	2
1233	1	1
1234	1	3
1235	1	2
1236	1	1
1237	1	2
1238	1	1
1239	0	1
1240	1	2
1241	1	2
1242	1	2
1243	0	5
1244	1	3
1245	4	2
1246	1	1
1247	1	2
1248	1	1
1249	1	3
1250	0	1
1251	1	1
1252	1	2
1253	0	2
1254	0	2
1255	1	2
1256	1	1
1257	0	1
1258	1	1
1259	0	2
1260	0	1
1261	1	1
1262	0	2
1263	2	2
1264	3	2
1265	1	1
1266	0	2
1267	0	1
1268	1	2
1269	1	1
1270	1	1
1271	0	2
1272	0	1
1273	1	1
1274	1	1
1275	1	2
1276	0	2
1277	2	1
1278	1	1
1279	0	1
1280	1	2
1281	0	1
1282	0	1
1283	1	1
1284	0	1
1285	1	3
1286	1	1
1287	0	1
1288	1	1
1289	1	1
1290	0	2
1291	0	1
1292	1	1
1293	0	1
1294	0	1
1295	1	2
1296	1	1
1297	0	2
1298	0	1
1299	1	1
1300	1	1
1301	0	2
1302	1	3
1303	1	1
1304	0	2
1305	0	2
1306	1	2
1307	1	2
1308	5	1
1309	1	1
1310	0	2
1311	0	1
1312	1	1
1313	2	1
1314	1	1
1315	1	1
1316	1	1
1317	0	2
1318	1	2
1319	1	1
1320	0	2
1321	1	2
1322	1	3
1323	3	1
1324	1	2
1325	0	2
1326	1	3
1327	1	1
1328	0	2
1329	5	1
1330	0	1
1331	1	1
1332	1	3
1333	0	1
1334	1	1
1335	0	2
1336	0	1
1337	1	1
1338	0	2
1339	0	1
1340	1	1
1341	0	2
1342	0	1
1343	1	1
1344	1	1
1345	0	2
1346	0	1
1347	1	1
1348	0	1
1349	1	1
1350	0	1
1351	0	1
1352	1	2
1353	2	2
1354	1	2
1355	1	1
1356	1	1
1357	0	1
1358	0	1
1359	2	3
1360	1	2
1361	1	2
1362	0	2
1363	0	2
1364	2	2
1365	0	2
1366	0	1
1367	1	2
1368	0	2
1369	1	1
1370	1	1
1371	1	2
1372	0	1
1373	0	1
1374	1	1
1375	1	2
1376	0	1
1377	1	1
1378	1	2
1379	0	2
1380	1	2
1381	0	2
1382	1	1
1383	0	2
1384	0	2
1385	1	2
1386	0	2
1387	1	1
1388	0	1
1389	1	1
1390	1	2
1391	3	2
1392	0	2
1393	1	1
1394	1	2
1395	1	2
1396	1	2
1397	2	2
1398	0	2
1399	0	2
1400	1	1
1401	0	1
1402	0	1
1403	1	1
1404	0	1
1405	1	1
1406	0	1
1407	1	1
1408	0	2
1409	0	1
1410	1	1
1411	0	1
1412	1	1
1413	0	1
1414	1	1
1415	0	1
1416	1	1
1417	1	1
1418	1	1
1419	1	1
1420	1	1
1421	0	1
1422	1	1
1423	0	1
1424	1	1
1425	2	1
1426	0	1
1427	1	1
1428	2	1
1429	1	1
1430	0	1
1431	1	1
1432	0	3
1433	1	1
1434	0	1
1435	1	3
1436	2	2
1437	1	1
1438	1	1
1439	7	1
1440	2	1
1441	1	1
1442	0	2
1443	6	2
1444	0	1
1445	1	1
1446	0	2
1447	0	1
1448	1	1
1449	0	1
1450	0	1
1451	1	1
1452	0	1
1453	0	1
1454	1	1
1455	0	2
1456	0	1
1457	2	1
1458	0	2
1459	2	2
1460	0	2
1461	1	1
1462	0	3
1463	1	3
1464	3	4
1465	2	2
1466	1	1
1467	1	1
1468	1	3
1469	1	1
1470	1	1
1471	0	2
1472	0	2
1473	1	1
1474	1	2
1475	1	2
1476	0	1
1477	1	1
1478	1	1
1479	0	1
1480	1	1
1481	1	1
1482	0	1
1483	1	1
1484	1	1
1485	0	1
1486	1	1
1487	1	1
1488	0	1
1489	1	1
1490	1	1
1491	0	2
1492	0	1
1493	1	1
1494	0	2
1495	1	1
1496	1	1
1497	1	1
1498	0	2
1499	0	1
1500	1	2
1501	0	2
1502	2	1
1503	1	1
1504	0	1
1505	1	1
1506	0	2
1507	0	2
1508	0	1
1509	1	1
1510	1	2
1511	1	1
1512	0	2
1513	0	1
1514	1	1
1515	2	1
1516	1	1
1517	0	1
1518	1	1
1519	1	1
1520	0	2
1521	0	2
1522	0	1
1523	1	1
1524	0	2
1525	0	1
1526	1	1
1527	0	2
1528	0	1
1529	0	2
1530	1	1
1531	1	1
1532	1	1
1533	0	1
1534	1	1
1535	1	1
1536	0	2
1537	2	2
1538	1	2
1539	0	1
1540	1	1
1541	0	2
1542	0	1
1543	1	1
1544	1	3
1545	0	2
1546	2	2
1547	0	1
1548	1	1
1549	1	1
1550	0	1
1551	1	1
1552	1	1
1553	1	1
1554	1	1
1555	1	1
1556	0	1
1557	1	1
1558	0	2
1559	2	2
1560	1	3
1561	2	2
1562	1	1
1563	1	2
1564	1	3
1565	1	2
1566	1	1
1567	0	1
1568	1	1
1569	1	2
1570	0	2
1571	1	1
1572	1	1
1573	0	2
1574	1	2
1575	1	1
1576	0	1
1577	1	1
1578	0	1
1579	1	1
1580	1	2
1581	1	2
1582	0	2
1583	0	1
1584	1	1
1585	1	1
1586	0	2
1587	0	2
1588	1	2
1589	1	2
1590	1	2
1591	0	2
1592	1	2
1593	2	2
1594	1	2
1595	0	2
1596	1	1
1597	1	2
1598	0	2
1599	1	1
1600	1	2
1601	0	2
1602	0	2
1603	1	1
1604	1	2
1605	0	2
1606	1	2
1607	0	2
1608	0	1
1609	1	1
1610	0	1
1611	1	2
1612	1	1
1613	2	1
1614	0	2
1615	1	1
1616	0	2
1617	0	1
1618	1	1
1619	0	2
1620	0	1
1621	2	1
1622	0	1
1623	1	1
1624	0	2
1625	0	1
1626	1	1
1627	0	1
1628	1	1
1629	0	2
1630	0	1
1631	1	2
1632	0	2
1633	0	1
1634	1	1
1635	1	1
1636	0	1
1637	1	1
1638	0	1
1639	0	2
1640	1	1
1641	1	1
1642	0	1
1643	1	1
1644	0	1
1645	1	1
1646	0	1
1647	1	1
1648	1	2
1649	1	2
1650	1	1
1651	1	1
1652	0	1
1653	1	1
1654	0	1
1655	1	1
1656	1	1
1657	0	1
1658	0	1
1659	1	1
1660	1	1
1661	0	2
1662	0	1
1663	1	1
1664	9	2
1665	1	2
1666	0	2
1667	0	2
1668	0	2
1669	1	1
1670	3	1
1671	1	2
1672	0	2
1673	0	2
1674	1	2
1675	1	2
1676	1	2
1677	1	2
1678	1	2
1679	0	2
1680	1	2
1681	0	3
1682	2	2
1683	1	2
1684	1	2
1685	1	3
1686	0	2
1687	1	2
1688	1	3
1689	1	2
1690	0	2
1691	0	2
1692	0	3
1693	1	1
1694	0	2
1695	0	2
1696	1	2
1697	0	2
1698	1	1
1699	1	3
1700	1	1
1701	1	1
1702	1	2
1703	0	2
1704	0	2
1705	1	1
1706	0	2
1707	0	2
1708	1	1
1709	1	2
1710	0	2
1711	0	2
1712	1	1
1713	1	2
1714	1	1
1715	1	1
1716	1	1
1717	0	1
1718	1	1
1719	0	1
1720	1	1
1721	0	1
1722	1	4
1723	0	2
1724	0	2
1725	0	1
1726	1	1
1727	1	1
1728	0	2
1729	0	1
1730	1	2
1731	1	1
1732	2	2
1733	0	2
1734	0	1
1735	1	1
1736	1	1
1737	0	1
1738	1	2
1739	0	2
1740	1	1
1741	0	2
1742	0	1
1743	1	1
1744	0	3
1745	1	2
1746	2	2
1747	0	1
1748	1	1
1749	0	1
1750	1	1
1751	1	1
1752	1	1
1753	1	2
1754	2	1
1755	1	1
1756	0	2
1757	0	1
1758	1	1
1759	1	2
1760	0	1
1761	1	1
1762	1	1
1763	0	1
1764	1	1
1765	0	1
1766	1	1
1767	1	1
1768	0	2
1769	1	2
1770	4	2
1771	2	2
1772	0	2
1773	0	2
1774	3	1
1775	1	2
1776	1	2
1777	1	2
1778	1	2
1779	5	2
1780	0	2
1781	1	1
1782	1	2
1783	1	1
1784	1	1
1785	1	1
1786	1	1
1787	0	1
1788	1	1
1789	0	1
1790	1	1
1791	0	1
1792	1	1
1793	0	1
1794	1	1
1795	0	3
1796	26	2
1797	4	1
1798	1	1
1799	0	2
1800	0	1
1801	1	1
1802	0	1
1803	1	1
1804	0	1
1805	1	1
1806	0	2
1807	1	1
1808	1	1
1809	1	1
1810	0	1
1811	1	1
1812	0	2
1813	1	1
1814	0	2
1815	0	2
1816	1	1
1817	0	1
1818	0	1
1819	0	1
1820	1	1
1821	0	1
1822	1	1
1823	0	1
1824	1	2
1825	1	3
1826	1	1
1827	1	2
1828	0	2
1829	1	1
1830	1	2
1831	0	2
1832	1	1
1833	1	2
1834	0	2
1835	1	2
1836	0	2
1837	1	1
1838	1	2
1839	1	2
1840	1	1
1841	1	1
1842	1	2
1843	0	2
1844	0	2
1845	0	3
1846	1	1
1847	0	1
1848	1	1
1849	0	1
1850	1	2
1851	0	2
1852	1	2
1853	2	2
1854	1	1
1855	1	2
1856	1	2
1857	1	1
1858	0	2
1859	1	4
1860	1	3
1861	0	2
1862	1	2
1863	0	3
1864	1	1
1865	0	2
1866	1	1
1867	1	2
1868	1	2
1869	1	2
1870	2	3
1871	2	2
1872	2	1
1873	1	1
1874	1	2
1875	0	1
1876	0	1
1877	0	2
1878	0	1
1879	1	1
1880	0	1
1881	1	1
1882	0	1
1883	1	1
1884	0	1
1885	1	2
1886	0	2
1887	0	1
1888	1	1
1889	0	1
1890	1	1
1891	0	1
1892	1	1
1893	0	2
1894	2	1
1895	0	2
1896	0	1
1897	1	1
1898	0	1
1899	1	1
1900	0	1
1901	1	1
1902	0	1
1903	0	1
1904	0	1
1905	1	1
1906	1	1
1907	0	2
1908	0	3
1909	1	2
1910	0	2
1911	2	1
1912	1	1
1913	0	1
1914	0	1
1915	0	1
1916	0	2
1917	0	1
1918	0	2
1919	0	1
1920	0	1
1921	0	1
1922	1	2
1923	0	2
1924	1	2
1925	0	2
1926	0	2
1927	1	1
1928	1	3
1929	0	2
1930	1	1
1931	1	2
1932	1	2
1933	0	2
1934	1	2
1935	0	2
1936	1	1
1937	1	1
1938	0	2
1939	0	2
1940	1	1
1941	1	2
1942	1	1
1943	0	2
1944	0	2
1945	1	2
1946	1	1
1947	1	1
1948	1	1
1949	1	1
1950	1	2
1951	1	2
1952	0	2
1953	1	2
1954	0	2
1955	0	3
1956	0	2
1957	1	2
1958	0	2
1959	1	1
1960	1	2
1961	2	2
1962	0	1
1963	1	1
1964	0	2
1965	7	1
1966	1	1
1967	1	1
1968	1	1
1969	1	1
1970	1	1
1971	0	1
1972	1	1
1973	0	2
1974	0	2
1975	1	4
1976	3	3
1977	1	2
1978	0	2
1979	0	2
1980	1	1
1981	1	2
1982	1	2
1983	1	2
1984	0	2
1985	0	3
1986	0	2
1987	0	2
1988	1	1
1989	1	1
1990	0	1
1991	1	1
1992	1	1
1993	0	1
1994	1	1
1995	1	1
1996	0	1
1997	1	1
1998	0	2
1999	0	1
2000	1	1
2001	0	1
2002	1	2
2003	1	1
2004	1	1
2005	0	1
2006	0	1
2007	1	1
2008	1	1
2009	0	1
2010	1	1
2011	2	2
2012	1	2
2013	2	1
2014	1	1
2015	0	2
2016	0	1
2017	1	1
2018	0	2
2019	0	2
2020	1	1
2021	0	1
2022	1	1
2023	0	1
2024	1	1
2025	0	1
2026	1	1
2027	0	1
2028	1	1
2029	0	2
2030	1	1
2031	1	1
2032	0	1
2033	1	1
2034	0	1
2035	1	1
2036	0	1
2037	1	1
2038	0	3
2039	0	1
2040	0	2
2041	1	1
2042	1	1
2043	0	2
2044	0	1
2045	1	1
2046	1	2
2047	1	1
2048	0	1
2049	0	1
2050	0	1
2051	0	1
2052	1	1
2053	0	2
2054	0	2
2055	0	2
2056	1	3
2057	1	1
2058	1	2
2059	0	2
2060	1	2
2061	0	2
2062	2	1
2063	0	2
2064	1	2
2065	0	2
2066	1	1
2067	1	2
2068	2	4
2069	1	2
2070	2	2
2071	1	1
2072	0	2
2073	2	2
2074	0	2
2075	1	1
2076	1	1
2077	0	2
2078	1	1
2079	1	4
2080	1	1
2081	0	1
2082	1	1
2083	0	1
2084	1	1
2085	0	1
2086	1	1
2087	0	1
2088	1	1
2089	0	2
2090	0	2
2091	0	2
2092	1	1
2093	1	2
2094	1	2
2095	0	2
2096	0	2
2097	1	2
2098	1	2
2099	0	2
2100	0	2
2101	1	1
2102	1	2
2103	2	1
2104	1	2
2105	0	2
2106	1	2
2107	1	1
2108	1	2
2109	2	2
2110	0	2
2111	1	1
2112	1	1
2113	0	2
2114	0	2
2115	1	1
2116	1	2
2117	0	2
2118	0	2
2119	1	1
2120	1	2
2121	0	2
2122	0	2
2123	0	2
2124	2	2
2125	1	2
2126	1	1
2127	1	2
2128	0	2
2129	0	3
2130	1	5
2131	0	2
2132	0	2
2133	0	2
2134	0	1
2135	1	1
2136	1	1
2137	1	1
2138	0	1
2139	1	1
2140	1	1
2141	0	1
2142	1	1
2143	1	1
2144	0	1
2145	0	1
2146	1	1
2147	0	1
2148	1	1
2149	0	1
2150	1	1
2151	0	1
2152	1	1
2153	0	1
2154	1	1
2155	1	1
2156	1	1
2157	0	1
2158	0	1
2159	0	2
2160	0	1
2161	1	2
2162	2	2
2163	2	2
2164	1	2
2165	1	2
2166	0	2
2167	1	3
2168	0	1
2169	5	2
2170	0	2
2171	1	1
2172	0	1
2173	1	1
2174	0	1
2175	1	2
2176	0	2
2177	0	1
2178	1	1
2179	1	1
2180	1	2
2181	0	3
2182	1	2
2183	1	1
2184	0	2
2185	2	1
2186	1	1
2187	1	2
2188	1	2
2189	2	1
2190	1	1
2191	1	1
2192	0	1
2193	1	1
2194	0	1
2195	1	1
2196	0	1
2197	1	1
2198	0	1
2199	1	1
2200	2	1
2201	1	1
2202	0	1
2203	1	1
2204	0	3
2205	1	2
2206	3	2
2207	1	1
2208	0	1
2209	1	1
2210	0	1
2211	1	3
2212	0	2
2213	0	1
2214	1	1
2215	0	1
2216	1	1
2217	0	1
2218	1	1
2219	0	1
2220	1	3
2221	0	1
2222	1	1
2223	0	1
2224	1	1
2225	0	1
2226	0	2
2227	0	1
2228	0	1
2229	1	1
2230	0	2
2231	1	2
2232	0	2
2233	0	1
2234	1	1
2235	0	1
2236	1	1
2237	0	2
2238	0	1
2239	1	3
2240	0	2
2241	1	1
2242	0	2
2243	0	1
2244	1	1
2245	1	1
2246	1	4
2247	2	2
2248	0	2
2249	1	1
2250	1	2
2251	0	2
2252	1	1
2253	0	2
2254	0	2
2255	1	1
2256	1	1
2257	1	2
2258	0	2
2259	0	2
2260	0	1
2261	1	2
2262	1	1
2263	1	1
2264	0	1
2265	1	1
2266	1	2
2267	0	2
2268	3	2
2269	0	1
2270	1	1
2271	2	2
2272	1	2
2273	0	3
2274	1	2
2275	1	1
2276	1	2
2277	0	3
2278	1	1
2279	1	2
2280	0	2
2281	1	1
2282	1	2
2283	0	2
2284	0	2
2285	0	1
2286	0	2
2287	0	1
2288	1	2
2289	5	2
2290	1	2
2291	0	1
2292	1	1
2293	1	2
2294	3	3
2295	2	2
2296	1	1
2297	3	2
2298	2	1
2299	1	1
2300	0	1
2301	1	1
2302	0	1
2303	1	1
2304	0	1
2305	1	2
2306	0	2
2307	0	2
2308	0	2
2309	0	1
2310	1	1
2311	1	1
2312	0	1
2313	1	1
2314	2	2
2315	1	1
2316	0	1
2317	1	1
2318	0	1
2319	1	2
2320	0	2
2321	0	2
2322	1	1
2323	1	2
2324	0	1
2325	1	1
2326	0	1
2327	0	1
2328	1	1
2329	0	1
2330	1	1
2331	0	3
2332	0	1
2333	1	1
2334	1	1
2335	0	1
2336	1	1
2337	1	1
2338	0	1
2339	1	1
2340	0	1
2341	0	1
2342	1	1
2343	1	1
2344	1	1
2345	1	1
2346	0	1
2347	1	1
2348	1	1
2349	0	1
2350	1	2
2351	1	2
2352	0	1
2353	1	1
2354	1	1
2355	1	1
2356	1	1
2357	1	1
2358	0	2
2359	1	1
2360	1	1
2361	0	1
2362	1	1
2363	0	1
2364	1	1
2365	0	1
2366	1	1
2367	0	1
2368	1	1
2369	0	1
2370	1	1
2371	0	1
2372	1	1
2373	0	1
2374	1	1
2375	0	1
2376	2	2
2377	1	1
2378	1	1
2379	1	1
2380	1	2
2381	0	2
2382	0	2
2383	1	1
2384	1	1
2385	0	3
2386	1	4
2387	3	1
2388	1	2
2389	0	1
2390	0	2
2391	1	1
2392	1	1
2393	0	2
2394	0	1
2395	1	1
2396	0	1
2397	1	1
2398	0	1
2399	1	1
2400	1	3
2401	0	1
2402	0	1
2403	0	2
2404	0	1
2405	1	2
2406	0	2
2407	0	1
2408	4	2
2409	1	2
2410	1	1
2411	1	1
2412	1	1
2413	3	2
2414	0	1
2415	4	1
2416	1	1
2417	0	1
2418	1	1
2419	0	1
2420	1	1
2421	1	2
2422	1	1
2423	0	1
2424	0	1
2425	1	2
2426	0	2
2427	0	1
2428	1	1
2429	0	2
2430	0	3
2431	3	1
2432	1	1
2433	0	2
2434	0	1
2435	1	2
2436	1	1
2437	1	1
2438	0	1
2439	1	1
2440	1	1
2441	1	1
2442	0	2
2443	2	1
2444	1	1
2445	0	2
2446	0	1
2447	1	1
2448	0	2
2449	0	1
2450	1	1
2451	1	1
2452	0	1
2453	0	1
2454	1	1
2455	0	1
2456	1	1
2457	0	1
2458	1	1
2459	0	1
2460	0	1
2461	0	1
2462	0	2
2463	2	2
2464	0	1
2465	1	1
2466	0	1
2467	1	1
2468	0	1
2469	1	1
2470	0	1
2471	1	3
2472	2	2
2473	1	2
2474	0	2
2475	1	1
2476	1	2
2477	1	1
2478	0	2
2479	0	2
2480	1	1
2481	3	2
2482	0	2
2483	1	2
2484	1	1
2485	0	2
2486	0	1
2487	1	1
2488	1	1
2489	0	2
2490	0	1
2491	1	3
2492	0	1
2493	1	1
2494	0	1
2495	0	2
2496	1	1
2497	1	2
2498	1	4
2499	3	4
2500	0	2
2501	1	1
2502	1	3
2503	3	2
2504	1	1
2505	1	2
2506	0	2
2507	0	2
2508	3	1
2509	1	2
2510	0	2
2511	1	2
2512	0	2
2513	0	4
2514	0	2
2515	0	1
2516	1	1
2517	0	1
2518	1	2
2519	0	2
2520	0	1
2521	3	1
2522	1	1
2523	1	1
2524	1	1
2525	0	1
2526	1	1
2527	0	1
2528	1	1
2529	0	1
2530	1	1
2531	1	1
2532	3	1
2533	0	2
2534	0	2
2535	1	1
2536	1	3
2537	0	3
2538	1	2
2539	0	2
2540	0	1
2541	1	1
2542	0	2
2543	1	2
2544	1	2
2545	1	1
2546	1	2
2547	0	2
2548	0	2
2549	2	2
2550	1	2
2551	0	1
2552	1	1
2553	0	1
2554	1	2
2555	0	2
2556	1	1
2557	1	2
2558	0	2
2559	1	2
2560	0	1
2561	1	1
2562	1	2
2563	0	2
2564	1	2
2565	1	2
2566	0	2
2567	1	2
2568	1	2
2569	0	3
2570	1	3
2571	3	1
2572	1	1
2573	0	2
2574	0	1
2575	1	2
2576	1	1
2577	0	2
2578	0	1
2579	0	1
2580	0	1
2581	0	1
2582	0	1
2583	1	1
2584	3	1
2585	1	1
2586	1	1
2587	1	1
2588	0	1
2589	0	1
2590	1	1
2591	0	1
2592	1	1
2593	1	1
2594	0	1
2595	1	1
2596	1	1
2597	0	1
2598	1	1
2599	0	2
2600	0	1
2601	1	1
2602	0	2
2603	0	1
2604	3	1
2605	1	1
2606	2	1
2607	1	1
2608	0	2
2609	0	1
2610	1	5
2611	3	1
2612	2	1
2613	1	1
2614	1	1
2615	0	4
2616	0	1
2617	0	1
2618	0	2
2619	0	1
2620	1	1
2621	0	2
2622	0	1
2623	1	1
2624	0	1
2625	1	1
2626	1	2
2627	0	2
2628	1	2
2629	0	2
2630	1	1
2631	1	2
2632	0	2
2633	1	2
2634	1	1
2635	1	1
2636	1	1
2637	1	1
2638	0	1
2639	0	3
2640	0	3
2641	2	1
2642	1	1
2643	0	2
2644	1	2
2645	0	3
2646	0	1
2647	1	2
2648	0	2
2649	0	1
2650	1	1
2651	0	1
2652	1	1
2653	1	1
2654	0	1
2655	1	1
2656	1	1
2657	0	1
2658	1	1
2659	0	2
2660	0	1
2661	1	1
2662	0	1
2663	1	1
2664	0	2
2665	0	3
2666	0	1
2667	1	1
2668	0	1
2669	1	1
2670	0	1
2671	1	1
2672	0	1
2673	1	1
2674	2	2
2675	1	2
2676	1	2
2677	1	2
2678	0	2
2679	0	4
2680	0	3
2681	1	2
2682	1	1
2683	1	2
2684	0	2
2685	1	1
2686	1	1
2687	0	1
2688	1	1
2689	0	1
2690	1	1
2691	0	2
2692	0	1
2693	1	1
2694	0	2
2695	0	1
2696	1	2
2697	1	1
2698	1	1
2699	0	1
2700	1	1
2701	0	1
2702	1	1
2703	1	4
2704	1	2
2705	1	1
2706	0	2
2707	0	2
2708	0	1
2709	0	1
2710	2	2
2711	0	2
2712	1	1
2713	1	1
2714	1	2
2715	4	4
2716	1	1
2717	1	2
2718	1	2
2719	1	1
2720	1	2
2721	2	1
2722	3	3
2723	0	2
2724	1	1
2725	1	2
2726	1	3
2727	1	2
2728	1	1
2729	1	1
2730	1	2
2731	0	2
2732	2	2
2733	1	1
2734	1	1
2735	1	2
2736	1	2
2737	2	3
2738	1	2
2739	1	2
2740	1	1
2741	1	1
2742	1	1
2743	1	2
2744	0	2
2745	0	2
2746	0	2
2747	1	1
2748	1	1
2749	1	2
2750	0	2
2751	0	2
2752	1	3
2753	1	1
2754	0	1
2755	0	1
2756	1	1
2757	0	2
2758	0	4
2759	0	2
2760	0	2
2761	1	1
2762	1	1
2763	0	1
2764	1	1
2765	0	2
2766	0	2
2767	1	1
2768	0	1
2769	1	1
2770	1	1
2771	0	1
2772	1	1
2773	0	1
2774	1	1
2775	0	1
2776	1	1
2777	0	1
2778	1	1
2779	0	1
2780	1	1
2781	0	1
2782	1	1
2783	0	1
2784	1	1
2785	0	1
2786	1	1
2787	0	1
2788	0	2
2789	0	2
2790	0	2
2791	0	1
2792	1	1
2793	1	1
2794	0	1
2795	2	1
2796	1	2
2797	1	1
2798	1	1
2799	1	1
2800	1	1
2801	0	1
2802	1	1
2803	0	2
2804	0	1
2805	2	2
2806	0	1
2807	0	1
2808	1	1
2809	0	1
2810	1	1
2811	1	1
2812	1	1
2813	1	1
2814	1	2
2815	0	2
2816	0	2
2817	0	1
2818	1	2
2819	0	2
2820	1	2
2821	2	2
2822	1	3
2823	1	2
2824	0	2
2825	1	2
2826	6	1
2827	1	2
2828	0	2
2829	0	2
2830	3	1
2831	1	3
2832	32	2
2833	1	1
2834	1	1
2835	1	1
2836	0	2
2837	0	1
2838	1	2
2839	1	2
2840	0	1
2841	1	1
2842	1	1
2843	1	1
2844	0	1
2845	1	3
2846	0	3
2847	0	2
2848	1	1
2849	2	2
2850	1	1
2851	3	2
2852	0	2
2853	0	4
2854	4	1
2855	1	2
2856	1	3
2857	2	1
2858	0	1
2859	1	1
2860	0	1
2861	1	1
2862	0	1
2863	1	3
2864	0	1
2865	1	1
2866	0	1
2867	1	1
2868	0	1
2869	1	1
2870	0	2
2871	0	1
2872	0	1
2873	1	1
2874	1	2
2875	0	2
2876	0	1
2877	0	1
2878	0	1
2879	1	1
2880	0	1
2881	0	2
2882	1	1
2883	0	1
2884	1	2
2885	0	1
2886	1	1
2887	1	2
2888	1	1
2889	0	3
2890	1	1
2891	0	1
2892	1	1
2893	0	2
2894	1	1
2895	1	1
2896	0	2
2897	0	2
2898	0	2
2899	1	1
2900	1	1
2901	1	1
2902	0	2
2903	0	1
2904	1	1
2905	0	1
2906	0	1
2907	1	4
2908	1	2
2909	2	2
2910	0	2
2911	0	4
2912	4	2
2913	2	2
2914	0	2
2915	0	2
2916	0	2
2917	1	1
2918	1	2
2919	0	2
2920	0	2
2921	1	1
2922	1	2
2923	1	2
2924	0	2
2925	0	2
2926	8	1
2927	1	4
2928	2	2
2929	0	1
2930	1	1
2931	1	1
2932	1	3
2933	4	1
2934	1	1
2935	0	1
2936	1	1
2937	0	1
2938	3	1
2939	0	1
2940	0	1
2941	0	1
2942	1	1
2943	0	1
2944	1	2
2945	0	2
2946	0	2
2947	1	1
2948	1	1
2949	2	1
2950	1	1
2951	0	1
2952	1	1
2953	0	1
2954	1	1
2955	0	2
2956	0	1
2957	0	1
2958	0	1
2959	1	1
2960	0	1
2961	0	1
2962	0	1
2963	0	1
2964	0	1
2965	1	2
2966	0	3
2967	0	1
2968	1	1
2969	0	2
2970	0	1
2971	1	1
2972	0	1
2973	1	1
2974	0	2
2975	1	1
2976	0	1
2977	1	1
2978	0	1
2979	1	2
2980	1	1
2981	0	2
2982	1	2
2983	1	1
2984	0	1
2985	1	1
2986	0	1
2987	1	1
2988	0	1
2989	0	1
2990	1	1
2991	0	1
2992	1	1
2993	0	1
2994	1	1
2995	0	1
2996	1	1
2997	0	1
2998	1	1
2999	0	1
3000	1	1
3001	0	1
3002	1	1
3003	0	1
3004	1	1
3005	1	1
3006	0	2
3007	2	2
3008	1	1
3009	0	2
3010	1	2
3011	0	3
3012	1	2
3013	1	3
3014	4	3
3015	1	1
3016	1	2
3017	0	2
3018	0	3
3019	1	2
3020	0	2
3021	1	2
3022	1	1
3023	1	1
3024	1	1
3025	1	1
3026	0	1
3027	1	1
3028	0	1
3029	2	1
3030	2	3
3031	2	2
3032	1	2
3033	1	3
3034	3	2
3035	0	2
3036	1	1
3037	1	1
3038	1	2
3039	1	2
3040	1	2
3041	0	2
3042	0	2
3043	0	2
3044	1	1
3045	1	1
3046	1	2
3047	0	2
3048	1	2
3049	1	1
3050	1	2
3051	0	2
3052	0	2
3053	2	2
3054	0	2
3055	1	1
3056	0	2
3057	0	3
3058	1	1
3059	1	2
3060	1	1
3061	0	2
3062	0	1
3063	1	1
3064	0	1
3065	1	1
3066	1	1
3067	1	1
3068	0	1
3069	1	1
3070	0	2
3071	4	1
3072	0	1
3073	1	1
3074	0	1
3075	0	1
3076	1	1
3077	1	1
3078	2	1
3079	1	1
3080	0	1
3081	1	1
3082	0	2
3083	0	1
3084	1	1
3085	0	1
3086	3	1
3087	1	2
3088	1	1
3089	0	1
3090	1	1
3091	0	2
3092	0	1
3093	1	2
3094	1	1
3095	1	1
3096	0	1
3097	1	1
3098	1	1
3099	0	1
3100	1	1
3101	0	2
3102	0	1
3103	3	1
3104	1	1
3105	0	1
3106	1	1
3107	1	1
3108	0	1
3109	1	1
3110	1	3
3111	1	2
3112	0	2
3113	1	1
3114	1	1
3115	1	2
3116	0	2
3117	3	2
3118	0	1
3119	1	1
3120	1	1
3121	1	1
3122	0	2
3123	0	3
3124	0	1
3125	0	1
3126	1	1
3127	0	1
3128	0	2
3129	0	2
3130	0	2
3131	0	2
3132	1	2
3133	1	3
3134	1	1
3135	1	2
3136	1	1
3137	0	3
3138	1	3
3139	2	1
3140	3	1
3141	1	1
3142	1	3
3143	1	1
3144	1	1
3145	1	2
3146	0	2
3147	0	2
3148	0	2
3149	1	1
3150	1	2
3151	0	2
3152	0	2
3153	1	1
3154	1	2
3155	0	2
3156	1	1
3157	1	2
3158	1	2
3159	0	2
3160	1	1
3161	1	1
3162	1	1
3163	0	1
3164	2	1
3165	3	4
3166	0	2
3167	0	1
3168	1	1
3169	0	2
3170	1	1
3171	0	1
3172	0	2
3173	0	1
3174	0	1
3175	1	1
3176	0	1
3177	1	1
3178	0	1
3179	1	1
3180	0	1
3181	1	1
3182	0	1
3183	3	1
3184	0	1
3185	1	1
3186	0	1
3187	0	2
3188	0	1
3189	0	1
3190	1	1
3191	0	1
3192	1	1
3193	1	1
3194	0	1
3195	1	1
3196	0	1
3197	1	1
3198	0	1
3199	0	2
3200	0	3
3201	1	1
3202	1	2
3203	1	1
3204	0	1
3205	1	1
3206	0	1
3207	0	1
3208	1	2
3209	1	1
3210	0	1
3211	1	1
3212	2	1
3213	0	1
3214	1	1
3215	1	2
3216	3	2
3217	1	1
3218	0	2
3219	0	2
3220	1	1
3221	1	2
3222	0	2
3223	1	1
3224	1	2
3225	1	1
3226	1	2
3227	0	2
3228	0	2
3229	1	1
3230	0	2
3231	0	2
3232	1	1
3233	1	2
3234	0	1
3235	1	1
3236	1	1
3237	2	2
3238	0	1
3239	1	3
3240	1	2
3241	1	1
3242	2	4
3243	2	3
3244	0	2
3245	0	2
3246	2	1
3247	1	2
3248	0	2
3249	0	2
3250	0	1
3251	1	1
3252	0	1
3253	1	1
3254	0	1
3255	1	1
3256	0	2
3257	0	2
3258	0	2
3259	0	1
3260	1	1
3261	0	1
3262	1	1
3263	0	1
3264	1	1
3265	0	1
3266	1	3
3267	0	2
3268	0	2
3269	0	1
3270	1	1
3271	1	2
3272	0	2
3273	0	2
3274	1	2
3275	0	2
3276	0	3
3277	1	2
3278	0	2
3279	1	1
3280	1	2
3281	1	2
3282	0	2
3283	0	2
3284	1	1
3285	1	2
3286	0	2
3287	1	3
3288	1	2
3289	0	2
3290	0	1
3291	0	2
3292	0	1
3293	0	2
3294	0	1
3295	1	2
3296	1	1
3297	0	1
3298	1	1
3299	0	1
3300	0	2
3301	0	1
3302	0	2
3303	0	1
3304	1	2
3305	1	1
3306	0	1
3307	1	1
3308	0	2
3309	0	1
3310	2	1
3311	1	1
3312	1	2
3313	1	2
3314	1	1
3315	0	1
3316	1	1
3317	0	1
3318	1	1
3319	1	1
3320	1	1
3321	0	1
3322	1	1
3323	0	2
3324	0	1
3325	1	1
3326	0	1
3327	1	1
3328	0	1
3329	0	1
3330	0	1
3331	1	1
3332	1	2
3333	1	2
3334	0	2
3335	1	1
3336	1	2
3337	0	1
3338	2	2
3339	1	2
3340	1	2
3341	0	2
3342	0	2
3343	1	1
3344	3	2
3345	1	1
3346	1	1
3347	1	2
3348	0	2
3349	0	3
3350	1	1
3351	1	2
3352	0	2
3353	3	1
3354	1	1
3355	1	1
3356	1	1
3357	0	1
3358	1	2
3359	4	1
3360	1	1
3361	0	2
3362	0	1
3363	1	1
3364	0	4
3365	1	1
3366	1	1
3367	1	1
3368	0	1
3369	1	1
3370	0	1
3371	0	1
3372	0	1
3373	2	2
3374	1	1
3375	0	2
3376	0	2
3377	0	2
3378	2	1
3379	1	4
3380	1	1
3381	0	1
3382	1	1
3383	0	1
3384	1	1
3385	0	1
3386	1	2
3387	0	1
3388	1	1
3389	1	1
3390	0	1
3391	1	1
3392	0	1
3393	0	1
3394	1	1
3395	0	1
3396	1	1
3397	0	1
3398	1	1
3399	1	1
3400	1	1
3401	1	1
3402	1	1
3403	0	1
3404	1	1
3405	0	1
3406	0	1
3407	0	2
3408	1	1
3409	0	1
3410	1	1
3411	1	1
3412	1	1
3413	0	1
3414	1	1
3415	0	1
3416	2	1
3417	2	1
3418	1	1
3419	0	2
3420	0	1
3421	1	1
3422	1	1
3423	0	2
3424	1	1
3425	0	1
3426	1	1
3427	1	1
3428	0	1
3429	1	1
3430	0	2
3431	0	2
3432	0	2
3433	1	1
3434	4	2
3435	1	2
3436	1	1
3437	1	2
3438	0	3
3439	2	2
3440	1	3
3441	1	1
3442	0	2
3443	2	3
3444	3	2
3445	1	2
3446	0	2
3447	0	2
3448	1	1
3449	1	1
3450	1	2
3451	0	2
3452	1	2
3453	0	2
3454	1	2
3455	2	3
3456	2	2
3457	1	1
3458	1	1
3459	0	2
3460	1	1
3461	0	1
3462	0	2
3463	1	1
3464	0	1
3465	1	1
3466	1	1
3467	0	1
3468	1	1
3469	0	2
3470	0	3
3471	0	1
3472	1	1
3473	0	1
3474	1	1
3475	1	1
3476	1	1
3477	1	1
3478	1	1
3479	1	1
3480	1	1
3481	0	1
3482	0	1
3483	0	1
3484	0	1
3485	1	1
3486	0	2
3487	0	1
3488	1	1
3489	0	1
3490	1	1
3491	0	1
3492	0	2
3493	0	1
3494	0	1
3495	1	1
3496	0	2
3497	1	1
3498	0	1
3499	1	1
3500	1	2
3501	0	2
3502	0	1
3503	1	1
3504	0	1
3505	1	1
3506	0	1
3507	0	1
3508	0	1
3509	0	3
3510	0	2
3511	1	2
3512	1	1
3513	1	2
3514	0	2
3515	1	2
3516	1	2
3517	0	2
3518	0	1
3519	0	1
3520	0	1
3521	0	1
3522	1	1
3523	0	2
3524	0	1
3525	1	1
3526	0	1
3527	1	1
3528	0	2
3529	0	1
3530	1	1
3531	0	2
3532	0	1
3533	1	2
3534	0	2
3535	0	2
3536	1	2
3537	1	1
3538	1	2
3539	1	1
3540	1	2
3541	2	5
3542	0	3
3543	1	1
3544	1	1
3545	1	2
3546	1	2
3547	0	2
3548	0	1
3549	1	1
3550	1	2
3551	5	1
3552	1	2
3553	0	2
3554	2	2
3555	1	1
3556	1	1
3557	1	1
3558	1	1
3559	1	3
3560	1	1
3561	1	1
3562	0	1
3563	1	1
3564	0	1
3565	0	1
3566	1	2
3567	1	1
3568	0	1
3569	0	1
3570	0	2
3571	1	1
3572	0	1
3573	1	3
3574	1	1
3575	1	1
3576	1	1
3577	1	2
3578	6	3
3579	0	2
3580	0	1
3581	1	1
3582	0	2
3583	0	1
3584	1	1
3585	0	1
3586	0	1
3587	3	1
3588	1	2
3589	0	2
3590	0	2
3591	1	3
3592	1	3
3593	1	1
3594	1	2
3595	0	2
3596	0	2
3597	1	1
3598	1	1
3599	0	2
3600	0	2
3601	1	1
3602	1	1
3603	1	2
3604	0	2
3605	0	1
3606	1	1
3607	1	3
3608	1	1
3609	1	1
3610	0	1
3611	1	1
3612	0	1
3613	0	1
3614	1	1
3615	0	2
3616	2	1
3617	0	1
3618	1	1
3619	1	1
3620	1	2
3621	0	1
3622	1	1
3623	0	2
3624	0	3
3625	0	1
3626	1	1
3627	0	1
3628	0	1
3629	1	1
3630	0	1
3631	1	1
3632	0	2
3633	0	1
3634	1	1
3635	1	1
3636	1	2
3637	2	1
3638	0	1
3639	0	1
3640	1	1
3641	5	3
3642	1	2
3643	0	2
3644	1	2
3645	4	2
3646	1	2
3647	1	1
3648	1	2
3649	1	1
3650	0	3
3651	2	2
3652	1	1
3653	0	2
3654	0	2
3655	1	1
3656	0	2
3657	2	2
3658	0	1
3659	0	1
3660	0	2
3661	0	1
3662	1	2
3663	0	2
3664	1	3
3665	2	2
3666	1	2
3667	0	1
3668	1	1
3669	0	1
3670	1	1
3671	1	2
3672	0	2
3673	0	1
3674	1	1
3675	0	1
3676	0	1
3677	1	1
3678	0	1
3679	1	1
3680	2	2
3681	0	3
3682	2	1
3683	1	1
3684	0	2
3685	2	2
3686	1	1
3687	1	2
3688	0	2
3689	0	1
3690	1	1
3691	1	2
3692	0	2
3693	1	1
3694	1	1
3695	0	2
3696	0	2
3697	1	1
3698	1	1
3699	1	2
3700	1	2
3701	0	2
3702	1	1
3703	1	1
3704	1	2
3705	0	2
3706	0	2
3707	1	2
3708	1	2
3709	1	1
3710	1	2
3711	0	2
3712	0	3
3713	1	2
3714	0	1
3715	1	1
3716	0	1
3717	1	2
3718	0	1
3719	1	1
3720	0	1
3721	1	1
3722	1	2
3723	0	2
3724	0	1
3725	0	1
3726	0	1
3727	0	1
3728	0	1
3729	1	1
3730	0	1
3731	1	1
3732	1	1
3733	1	1
3734	1	1
3735	0	1
3736	1	3
3737	1	1
3738	1	2
3739	46	2
3740	1	1
3741	1	2
3742	0	2
3743	1	1
3744	1	1
3745	1	2
3746	0	2
3747	1	1
3748	4	3
3749	0	2
3750	1	1
3751	1	1
3752	1	1
3753	0	1
3754	3	1
3755	3	2
3756	2	1
3757	1	1
3758	0	1
3759	1	3
3760	1	1
3761	0	1
3762	1	1
3763	1	1
3764	0	1
3765	1	1
3766	0	1
3767	1	1
3768	1	1
3769	0	1
3770	1	1
3771	1	1
3772	0	1
3773	1	1
3774	1	1
3775	0	1
3776	1	2
3777	1	1
3778	0	1
3779	1	2
3780	1	1
3781	0	2
3782	0	1
3783	0	2
3784	0	2
3785	0	2
3786	1	1
3787	2	2
3788	1	1
3789	0	2
3790	0	1
3791	1	1
3792	0	1
3793	0	1
3794	1	1
3795	2	1
3796	1	1
3797	0	1
3798	1	1
3799	0	1
3800	1	1
3801	0	1
3802	0	1
3803	0	1
3804	1	1
3805	1	1
3806	1	1
3807	0	1
3808	1	1
3809	0	1
3810	1	1
3811	0	1
3812	1	1
3813	0	2
3814	1	2
3815	1	1
3816	0	4
3817	0	2
3818	1	1
3819	1	1
3820	0	1
3821	1	1
3822	0	1
3823	1	2
3824	0	2
3825	0	1
3826	0	2
3827	0	1
3828	1	1
3829	0	1
3830	1	1
3831	1	1
3832	1	2
3833	1	1
3834	1	1
3835	1	1
3836	2	1
3837	1	3
3838	1	1
3839	1	2
3840	4	1
3841	0	1
3842	1	1
3843	1	1
3844	1	3
3845	0	1
3846	1	1
3847	0	2
3848	0	1
3849	1	1
3850	1	2
3851	1	1
3852	0	3
3853	0	2
3854	1	1
3855	0	1
3856	1	1
3857	0	2
3858	0	1
3859	0	3
3860	1	1
3861	1	3
3862	1	1
3863	1	1
3864	1	1
3865	0	2
3866	1	2
3867	1	2
3868	0	2
3869	0	2
3870	0	2
3871	0	2
3872	0	2
3873	0	1
3874	1	3
3875	0	2
3876	0	2
3877	0	2
3878	1	1
3879	1	1
3880	1	3
3881	1	1
3882	1	2
3883	1	1
3884	1	2
3885	3	2
3886	1	3
3887	0	2
3888	0	2
3889	1	1
3890	1	2
3891	0	2
3892	0	3
3893	0	2
3894	0	2
3895	1	1
3896	1	2
3897	0	2
3898	0	2
3899	1	2
3900	1	1
3901	0	2
3902	0	2
3903	1	1
3904	1	1
3905	9	1
3906	1	2
3907	1	2
3908	0	2
3909	2	2
3910	0	2
3911	1	1
3912	1	1
3913	0	2
3914	0	2
3915	0	2
3916	1	1
3917	1	2
3918	0	2
3919	0	2
3920	1	1
3921	1	1
3922	0	1
3923	1	2
3924	1	1
3925	1	1
3926	1	1
3927	1	1
3928	0	1
3929	1	1
3930	0	1
3931	1	1
3932	0	1
3933	1	3
3934	0	1
3935	1	1
3936	1	2
3937	0	1
3938	1	1
3939	0	1
3940	1	1
3941	0	1
3942	1	2
3943	1	1
3944	2	1
3945	1	1
3946	1	1
3947	0	1
3948	1	1
3949	0	2
3950	0	1
3951	1	1
3952	3	2
3953	1	1
3954	0	2
3955	1	1
3956	1	1
3957	2	2
3958	0	2
3959	0	2
3960	1	2
3961	1	2
3962	0	3
3963	1	2
3964	0	1
3965	1	1
3966	1	2
3967	0	2
3968	1	1
3969	1	3
3970	0	2
3971	0	1
3972	1	1
3973	1	3
3974	2	3
3975	0	3
3976	1	2
3977	3	3
3978	1	2
3979	1	1
3980	1	1
3981	1	1
3982	0	1
3983	0	1
3984	0	2
3985	1	1
3986	1	1
3987	1	1
3988	1	2
3989	0	1
3990	1	1
3991	0	1
3992	1	1
3993	0	1
3994	1	1
3995	0	1
3996	1	1
3997	0	2
3998	1	1
3999	0	1
4000	1	1
4001	0	1
4002	1	1
4003	0	1
4004	1	1
4005	0	1
4006	1	1
4007	0	1
4008	1	1
4009	0	1
4010	1	1
4011	1	1
4012	1	1
4013	1	1
4014	0	1
4015	1	1
4016	0	1
4017	0	1
4018	1	1
4019	1	1
4020	1	2
4021	0	2
4022	1	1
4023	0	1
4024	1	1
4025	1	1
4026	0	1
4027	2	1
4028	0	1
4029	1	1
4030	0	1
4031	1	1
4032	0	1
4033	0	1
4034	0	2
4035	1	1
4036	0	1
4037	1	1
4038	0	1
4039	1	1
4040	0	2
4041	0	1
4042	1	1
4043	0	1
4044	0	2
4045	0	1
4046	0	1
4047	0	1
4048	1	2
4049	1	1
4050	1	1
4051	0	1
4052	1	1
4053	1	1
4054	0	1
4055	1	1
4056	0	3
4057	1	1
4058	1	2
4059	1	1
4060	1	2
4061	0	2
4062	3	3
4063	3	2
4064	0	2
4065	0	2
4066	2	2
4067	0	2
4068	1	1
4069	1	1
4070	0	2
4071	1	2
4072	1	1
4073	1	1
4074	1	1
4075	0	1
4076	0	2
4077	0	2
4078	1	1
4079	1	2
4080	0	2
4081	0	2
4082	1	2
4083	1	2
4084	1	1
4085	0	2
4086	0	3
4087	1	2
4088	2	2
4089	0	2
4090	0	1
4091	0	1
4092	1	1
4093	0	2
4094	1	1
4095	0	1
4096	0	1
4097	1	1
4098	1	1
4099	0	3
4100	1	1
4101	1	1
4102	1	1
4103	0	1
4104	1	1
4105	0	2
4106	0	1
4107	1	2
4108	0	1
4109	1	1
4110	0	1
4111	1	1
4112	1	1
4113	0	1
4114	1	1
4115	0	1
4116	1	1
4117	0	1
4118	1	1
4119	2	2
4120	1	1
4121	0	1
4122	0	1
4123	1	1
4124	0	1
4125	1	1
4126	0	1
4127	0	1
4128	0	1
4129	1	3
4130	3	1
4131	0	2
4132	0	1
4133	0	2
4134	0	1
4135	0	2
4136	1	2
4137	0	1
4138	1	1
4139	0	1
4140	1	1
4141	0	1
4142	1	1
4143	0	2
4144	0	2
4145	1	2
4146	1	1
4147	1	1
4148	1	1
4149	1	1
4150	0	1
4151	1	1
4152	0	2
4153	0	1
4154	1	1
4155	1	2
4156	0	1
4157	1	1
4158	0	1
4159	1	1
4160	1	1
4161	0	1
4162	1	2
4163	2	2
4164	1	2
4165	0	2
4166	1	2
4167	2	1
4168	1	3
4169	1	2
4170	1	2
4171	1	1
4172	1	1
4173	0	1
4174	1	2
4175	0	2
4176	3	2
4177	0	2
4178	0	2
4179	1	1
4180	1	2
4181	2	2
4182	1	1
4183	0	1
4184	1	1
4185	1	1
4186	1	1
4187	1	4
4188	6	1
4189	0	2
4190	0	1
4191	1	3
4192	0	1
4193	1	1
4194	0	1
4195	1	1
4196	1	1
4197	1	1
4198	0	1
4199	1	1
4200	0	2
4201	1	2
4202	0	2
4203	1	1
4204	1	2
4205	0	2
4206	2	2
4207	1	2
4208	0	2
4209	0	2
4210	1	1
4211	1	2
4212	1	3
4213	1	1
4214	1	2
4215	0	2
4216	1	1
4217	1	2
4218	0	3
4219	0	1
4220	1	1
4221	0	2
4222	0	1
4223	1	1
4224	0	2
4225	0	1
4226	1	1
4227	0	1
4228	1	1
4229	0	2
4230	1	2
4231	1	2
4232	0	2
4233	0	2
4234	1	1
4235	13	2
4236	0	2
4237	1	3
4238	0	2
4239	1	1
4240	1	1
4241	1	2
4242	0	2
4243	0	2
4244	1	1
4245	1	2
4246	0	2
4247	0	1
4248	0	1
4249	1	1
4250	0	1
4251	1	1
4252	0	1
4253	1	1
4254	0	1
4255	1	2
4256	1	1
4257	0	1
4258	1	1
4259	0	1
4260	0	1
4261	1	1
4262	0	1
4263	0	2
4264	1	1
4265	1	1
4266	1	1
4267	1	1
4268	1	1
4269	1	1
4270	1	2
4271	2	2
4272	1	2
4273	2	3
4274	1	2
4275	0	3
4276	0	2
4277	1	1
4278	0	2
4279	1	1
4280	1	2
4281	1	3
4282	1	1
4283	1	2
4284	0	2
4285	2	1
4286	1	2
4287	1	2
4288	0	1
4289	1	1
4290	0	2
4291	1	1
4292	0	2
4293	1	1
4294	0	1
4295	1	2
4296	1	1
4297	0	1
4298	1	1
4299	0	1
4300	1	1
4301	0	1
4302	1	1
4303	0	1
4304	1	1
4305	0	1
4306	1	1
4307	1	1
4308	1	1
4309	1	1
4310	0	2
4311	0	1
4312	1	1
4313	0	1
4314	1	1
4315	0	3
4316	0	1
4317	1	1
4318	0	2
4319	0	1
4320	1	1
4321	1	1
4322	1	1
4323	1	1
4324	1	1
4325	0	2
4326	0	1
4327	0	1
4328	1	1
4329	1	1
4330	1	1
4331	0	1
4332	3	1
4333	1	2
4334	1	1
4335	0	2
4336	1	1
4337	0	1
4338	1	1
4339	0	1
4340	1	1
4341	0	1
4342	1	1
4343	1	1
4344	1	1
4345	0	1
4346	1	1
4347	0	1
4348	1	1
4349	0	1
4350	1	1
4351	1	2
4352	0	2
4353	4	1
4354	0	2
4355	0	1
4356	1	1
4357	1	1
4358	2	1
4359	1	1
4360	0	1
4361	1	1
4362	0	1
4363	1	1
4364	0	1
4365	0	3
4366	0	1
4367	0	2
4368	0	1
4369	1	1
4370	1	1
4371	8	1
4372	5	2
4373	0	2
4374	0	2
4375	0	1
4376	1	1
4377	0	1
4378	1	1
4379	1	3
4380	2	2
4381	1	1
4382	1	1
4383	0	1
4384	0	2
4385	1	1
4386	1	1
4387	1	1
4388	0	1
4389	1	1
4390	1	1
4391	0	1
4392	1	1
4393	1	2
4394	1	2
4395	1	1
4396	0	1
4397	0	2
4398	0	2
4399	0	1
4400	1	1
4401	0	1
4402	1	2
4403	0	1
4404	1	1
4405	0	1
4406	1	1
4407	0	1
4408	0	1
4409	0	1
4410	0	1
4411	0	1
4412	0	2
4413	0	1
4414	0	2
4415	1	1
4416	1	1
4417	0	2
4418	0	1
4419	1	1
4420	0	1
4421	1	1
4422	2	2
4423	2	1
4424	0	2
4425	0	2
4426	0	2
4427	0	1
4428	1	1
4429	1	1
4430	1	1
4431	0	1
4432	1	1
4433	0	1
4434	1	1
4435	0	2
4436	0	1
4437	0	2
4438	0	1
4439	1	2
4440	0	1
4441	1	1
4442	0	1
4443	1	1
4444	1	2
4445	0	2
4446	0	2
4447	1	1
4448	0	2
4449	1	2
4450	0	2
4451	1	1
4452	1	2
4453	0	2
4454	2	2
4455	1	2
4456	0	2
4457	1	1
4458	1	2
4459	0	2
4460	0	3
4461	1	2
4462	0	2
4463	0	2
4464	1	1
4465	1	2
4466	0	2
4467	1	1
4468	1	1
4469	1	1
4470	0	1
4471	1	1
4472	0	1
4473	1	1
4474	0	1
4475	1	1
4476	0	4
4477	1	1
4478	1	1
4479	1	1
4480	0	2
4481	4	2
4482	1	4
4483	2	2
4484	1	2
4485	0	2
4486	0	2
4487	0	2
4488	1	2
4489	3	1
4490	1	1
4491	1	1
4492	0	1
4493	0	2
4494	0	3
4495	1	2
4496	0	2
4497	0	2
4498	0	2
4499	0	1
4500	1	1
4501	0	2
4502	3	1
4503	0	1
4504	1	1
4505	0	1
4506	1	1
4507	1	2
4508	0	3
4509	1	1
4510	1	1
4511	1	1
4512	1	1
4513	1	3
4514	1	1
4515	1	1
4516	1	2
4517	0	2
4518	1	1
4519	1	1
4520	0	2
4521	0	2
4522	0	2
4523	0	2
4524	0	2
4525	1	1
4526	1	1
4527	0	1
4528	1	1
4529	0	2
4530	0	1
4531	1	1
4532	1	1
4533	2	2
4534	1	1
4535	2	1
4536	1	1
4537	0	1
4538	1	1
4539	2	1
4540	1	1
4541	0	2
4542	0	1
4543	0	1
4544	1	1
4545	0	1
4546	1	1
4547	0	1
4548	1	2
4549	1	1
4550	0	2
4551	0	1
4552	1	1
4553	0	1
4554	0	1
4555	0	1
4556	0	1
4557	0	2
4558	1	1
4559	0	1
4560	0	1
4561	9	2
4562	1	1
4563	1	1
4564	1	1
4565	1	1
4566	0	1
4567	1	1
4568	0	2
4569	0	1
4570	1	1
4571	2	1
4572	1	1
4573	0	1
4574	1	1
4575	1	1
4576	1	1
4577	1	1
4578	0	1
4579	0	1
4580	0	2
4581	0	1
4582	1	1
4583	0	1
4584	1	1
4585	1	1
4586	1	3
4587	4	2
4588	1	2
4589	0	2
4590	1	1
4591	0	2
4592	0	3
4593	3	3
4594	1	1
4595	0	1
4596	1	1
4597	0	3
4598	1	1
4599	3	3
4600	0	1
4601	0	2
4602	0	2
4603	2	2
4604	0	1
4605	0	1
4606	1	1
4607	1	2
4608	0	2
4609	0	1
4610	1	1
4611	0	1
4612	1	1
4613	0	1
4614	1	1
4615	0	1
4616	1	1
4617	0	1
4618	0	2
4619	0	1
4620	0	1
4621	25	2
4622	3	1
4623	0	1
4624	1	2
4625	1	1
4626	1	1
4627	0	1
4628	0	1
4629	1	1
4630	0	1
4631	1	1
4632	1	4
4633	0	2
4634	0	2
4635	1	1
4636	1	2
4637	0	2
4638	0	2
4639	1	1
4640	1	2
4641	0	2
4642	0	2
4643	1	1
4644	1	1
4645	1	2
4646	0	2
4647	0	2
4648	1	2
4649	1	1
4650	1	1
4651	1	1
4652	0	1
4653	1	1
4654	1	1
4655	0	2
4656	0	2
4657	0	2
4658	1	2
4659	1	1
4660	1	1
4661	0	1
4662	1	2
4663	1	1
4664	2	2
4665	0	2
4666	0	1
4667	1	1
4668	0	1
4669	1	1
4670	1	1
4671	0	2
4672	0	1
4673	1	1
4674	0	1
4675	1	1
4676	0	2
4677	0	1
4678	1	1
4679	0	1
4680	0	1
4681	2	2
4682	1	1
4683	0	1
4684	1	1
4685	1	1
4686	0	1
4687	1	1
4688	0	2
4689	2	2
4690	1	1
4691	1	1
4692	1	1
4693	0	1
4694	1	2
4695	0	1
4696	1	2
4697	1	1
4698	0	1
4699	1	1
4700	1	1
4701	0	1
4702	1	1
4703	1	1
4704	0	1
4705	2	1
4706	1	1
4707	1	2
4708	1	1
4709	1	2
4710	0	1
4711	1	1
4712	0	2
4713	1	2
4714	0	2
4715	1	2
4716	0	1
4717	1	1
4718	0	1
4719	0	2
4720	1	1
4721	1	2
4722	1	1
4723	1	1
4724	1	1
4725	0	2
4726	0	1
4727	1	1
4728	0	1
4729	1	1
4730	0	2
4731	0	2
4732	1	1
4733	1	1
4734	0	1
4735	1	1
4736	0	1
4737	1	1
4738	0	1
4739	0	2
4740	0	1
4741	1	1
4742	1	1
4743	1	1
4744	0	2
4745	0	1
4746	0	1
4747	1	1
4748	0	1
4749	1	1
4750	1	1
4751	0	1
4752	1	1
4753	0	2
4754	0	2
4755	0	2
4756	0	1
4757	1	1
4758	0	2
4759	1	2
4760	0	1
4761	1	1
4762	0	1
4763	1	1
4764	0	2
4765	0	1
4766	1	1
4767	0	1
4768	1	2
4769	0	1
4770	1	1
4771	1	1
4772	0	1
4773	0	1
4774	0	1
4775	0	1
4776	0	1
4777	1	1
4778	0	1
4779	1	2
4780	1	2
4781	2	2
4782	1	1
4783	1	1
4784	1	2
4785	1	2
4786	0	1
4787	1	2
4788	0	2
4789	0	2
4790	0	2
4791	1	2
4792	1	1
4793	0	1
4794	0	2
4795	0	1
4796	0	1
4797	0	2
4798	0	1
4799	1	2
4800	1	1
4801	1	2
4802	1	2
4803	0	2
4804	1	1
4805	2	2
4806	1	3
4807	0	2
4808	1	2
4809	0	2
4810	1	2
4811	0	2
4812	1	2
4813	1	2
4814	0	2
4815	1	1
4816	1	2
4817	0	2
4818	1	1
4819	1	1
4820	1	1
4821	3	1
4822	1	1
4823	1	1
4824	0	2
4825	1	1
4826	2	2
4827	3	2
4828	1	2
4829	0	2
4830	0	2
4831	0	3
4832	1	1
4833	0	1
4834	1	1
4835	0	2
4836	0	1
4837	0	2
4838	0	1
4839	1	1
4840	0	3
4841	1	2
4842	1	2
4843	0	2
4844	0	2
4845	0	2
4846	1	1
4847	1	2
4848	0	2
4849	0	2
4850	1	1
4851	1	1
4852	0	2
4853	0	2
4854	0	2
4855	1	2
4856	1	2
4857	0	2
4858	0	2
4859	0	1
4860	1	1
4861	0	1
4862	1	1
4863	2	1
4864	1	2
4865	1	2
4866	0	2
4867	0	2
4868	1	1
4869	1	2
4870	1	1
4871	0	1
4872	1	1
4873	0	2
4874	0	1
4875	1	1
4876	0	1
4877	1	1
4878	0	2
4879	1	2
4880	0	2
4881	0	1
4882	1	1
4883	0	1
4884	1	1
4885	0	2
4886	0	1
4887	1	1
4888	0	2
4889	0	1
4890	1	1
4891	1	1
4892	0	1
4893	1	1
4894	0	2
4895	0	1
4896	1	3
4897	2	2
4898	0	2
4899	12	1
4900	0	1
4901	1	1
4902	1	1
4903	0	1
4904	0	1
4905	1	1
4906	0	1
4907	1	2
4908	1	1
4909	1	1
4910	0	1
4911	1	1
4912	0	2
4913	0	2
4914	0	2
4915	3	3
4916	1	1
4917	2	3
4918	1	1
4919	3	1
4920	1	1
4921	1	1
4922	1	1
4923	0	2
4924	0	2
4925	0	2
4926	0	2
4927	0	2
4928	0	2
4929	0	2
4930	1	1
4931	1	2
4932	1	2
4933	0	2
4934	2	3
4935	0	2
4936	1	1
4937	1	2
4938	0	2
4939	0	2
4940	1	1
4941	1	2
4942	1	2
4943	1	1
4944	1	2
4945	0	2
4946	2	1
4947	2	3
4948	1	1
4949	1	2
4950	0	2
4951	0	2
4952	3	2
4953	1	1
4954	1	2
4955	0	2
4956	0	2
4957	1	2
4958	1	2
4959	0	2
4960	0	1
4961	1	1
4962	0	1
4963	1	1
4964	0	1
4965	0	2
4966	1	2
4967	1	1
4968	1	1
4969	0	1
4970	0	1
4971	0	1
4972	0	1
4973	1	1
4974	0	1
4975	1	1
4976	0	1
4977	1	1
4978	0	1
4979	1	1
4980	0	1
4981	1	1
4982	0	1
4983	1	1
4984	0	1
4985	1	1
4986	0	2
4987	2	1
4988	0	2
4989	0	1
4990	1	1
4991	0	1
4992	1	1
4993	0	1
4994	0	2
4995	0	1
4996	1	2
4997	1	1
4998	0	1
4999	1	1
5000	0	2
5001	1	1
5002	1	1
5003	1	1
5004	0	3
5005	1	1
5006	0	1
5007	1	1
5008	0	2
5009	0	1
5010	1	1
5011	0	1
5012	1	1
5013	0	1
5014	1	1
5015	0	1
5016	0	1
5017	0	2
5018	0	1
5019	1	1
5020	0	1
5021	1	1
5022	0	1
5023	1	2
5024	0	1
5025	3	1
5026	1	1
5027	0	1
5028	1	1
5029	0	1
5030	1	1
5031	0	2
5032	1	2
5033	1	2
5034	1	2
5035	1	2
5036	0	2
5037	1	1
5038	1	1
5039	1	2
5040	1	1
5041	0	1
5042	1	1
5043	0	2
5044	0	2
5045	1	2
5046	0	2
5047	1	1
5048	1	2
5049	1	2
5050	0	2
5051	1	2
5052	3	4
5053	1	1
5054	0	2
5055	2	1
5056	0	1
5057	1	1
5058	0	2
5059	2	2
5060	3	2
5061	1	1
5062	0	1
5063	0	2
5064	0	1
5065	0	1
5066	1	3
5067	0	1
5068	1	1
5069	0	1
5070	0	1
5071	0	2
5072	0	1
5073	1	1
5074	0	1
5075	1	1
5076	0	2
5077	2	2
5078	0	1
5079	1	1
5080	0	1
5081	1	1
5082	0	2
5083	0	1
5084	1	1
5085	2	2
5086	0	2
5087	1	1
5088	1	2
5089	1	2
5090	0	2
5091	0	3
5092	0	2
5093	0	2
5094	1	1
5095	1	2
5096	0	2
5097	0	3
5098	0	1
5099	1	1
5100	0	1
5101	0	2
5102	0	2
5103	1	1
5104	1	2
5105	0	2
5106	1	2
5107	1	1
5108	1	2
5109	0	2
5110	0	2
5111	1	1
5112	1	1
5113	3	1
5114	1	2
5115	1	2
5116	0	2
5117	1	1
5118	1	1
5119	1	3
5120	1	1
5121	1	2
5122	0	2
5123	0	2
5124	0	2
5125	1	1
5126	1	1
5127	1	2
5128	1	1
5129	1	1
5130	1	1
5131	0	1
5132	0	1
5133	1	2
5134	1	4
5135	1	1
5136	6	1
5137	3	4
5138	0	2
5139	1	2
5140	0	2
5141	1	2
5142	1	1
5143	1	1
5144	1	2
5145	2	1
5146	1	1
5147	0	1
5148	1	1
5149	1	1
5150	0	2
5151	0	2
5152	5	1
5153	0	2
5154	0	1
5155	1	1
5156	1	1
5157	3	1
5158	1	1
5159	0	1
5160	1	1
5161	0	2
5162	2	1
5163	0	1
5164	1	1
5165	2	1
5166	1	1
5167	0	2
5168	0	1
5169	1	1
5170	0	1
5171	1	2
5172	1	1
5173	0	1
5174	1	1
5175	0	1
5176	1	1
5177	0	2
5178	1	1
5179	1	2
5180	0	2
5181	0	2
5182	0	2
5183	1	1
5184	0	2
5185	0	2
5186	1	1
5187	1	1
5188	1	2
5189	2	1
5190	0	3
5191	0	2
5192	1	1
5193	1	2
5194	0	2
5195	0	3
5196	0	2
5197	0	2
5198	0	2
5199	1	1
5200	1	1
5201	1	2
5202	0	2
5203	2	1
5204	1	2
5205	0	2
5206	0	2
5207	0	2
5208	1	3
5209	0	2
5210	0	2
5211	1	1
5212	1	2
5213	0	2
5214	0	2
5215	1	2
5216	1	2
5217	0	2
5218	0	2
5219	1	1
5220	1	2
5221	0	2
5222	0	2
5223	0	1
5224	1	1
5225	1	1
5226	0	2
5227	0	1
5228	1	1
5229	0	1
5230	1	1
5231	0	1
5232	1	1
5233	1	1
5234	1	1
5235	1	1
5236	1	1
5237	4	2
5238	0	3
5239	1	1
5240	1	1
5241	0	1
5242	1	1
5243	4	2
5244	1	4
5245	1	3
5246	1	1
5247	1	2
5248	0	2
5249	1	1
5250	1	1
5251	1	1
5252	1	2
5253	0	2
5254	0	2
5255	1	1
5256	1	1
5257	1	2
5258	2	2
5259	0	2
5260	0	2
5261	1	1
5262	1	2
5263	0	4
5264	0	1
5265	2	1
5266	1	1
5267	1	2
5268	1	2
5269	1	2
5270	3	2
5271	0	2
5272	0	2
5273	0	2
5274	1	1
5275	1	2
5276	1	1
5277	0	1
5278	0	1
5279	0	1
5280	1	1
5281	0	2
5282	1	1
5283	0	2
5284	2	1
5285	0	1
5286	1	1
5287	0	1
5288	1	1
5289	2	2
5290	1	2
5291	2	1
5292	1	2
5293	0	2
5294	0	2
5295	1	1
5296	1	1
5297	0	2
5298	1	2
5299	0	2
5300	0	2
5301	1	1
5302	1	1
5303	0	2
5304	0	2
5305	1	1
5306	0	2
5307	0	1
5308	1	1
5309	0	1
5310	0	1
5311	1	1
5312	0	1
5313	1	1
5314	2	1
5315	0	2
5316	0	1
5317	0	2
5318	0	3
5319	1	1
5320	1	1
5321	0	2
5322	1	1
5323	0	1
5324	0	1
5325	1	1
5326	0	1
5327	1	1
5328	0	1
5329	1	1
5330	0	1
5331	1	1
5332	0	1
5333	1	1
5334	0	1
5335	1	1
5336	0	1
5337	1	1
5338	0	1
5339	1	1
5340	0	1
5341	1	1
5342	0	2
5343	0	2
5344	1	2
5345	1	1
5346	1	2
5347	1	2
5348	1	2
5349	0	4
5350	3	3
5351	1	1
5352	1	2
5353	1	3
5354	1	1
5355	1	3
5356	1	2
5357	0	2
5358	1	1
5359	1	2
5360	3	2
5361	1	2
5362	1	2
5363	1	1
5364	1	3
5365	4	1
5366	1	1
5367	1	2
5368	0	2
5369	0	3
5370	0	2
5371	1	1
5372	1	1
5373	1	1
5374	1	1
5375	1	1
5376	1	2
5377	2	1
5378	0	2
5379	0	2
5380	0	2
5381	1	1
5382	1	2
5383	0	2
5384	1	2
5385	1	1
5386	0	1
5387	1	1
5388	0	1
5389	1	1
5390	0	2
5391	0	2
5392	0	5
5393	0	2
5394	0	1
5395	1	1
5396	0	1
5397	1	1
5398	2	2
5399	3	1
5400	0	1
5401	1	1
5402	0	2
5403	1	1
5404	1	1
5405	0	2
5406	0	2
5407	0	2
5408	1	1
5409	1	2
5410	0	1
5411	1	1
5412	0	1
5413	1	1
5414	0	1
5415	0	1
5416	0	1
5417	0	2
5418	1	1
5419	1	1
5420	1	1
5421	0	1
5422	1	1
5423	0	1
5424	1	1
5425	0	1
5426	1	2
5427	1	1
5428	0	1
5429	1	3
5430	1	1
5431	0	2
5432	0	1
5433	1	1
5434	1	3
5435	2	2
5436	1	1
5437	0	1
5438	1	1
5439	0	1
5440	1	1
5441	0	1
5442	1	1
5443	1	1
5444	0	1
5445	1	1
5446	0	1
5447	1	1
5448	0	1
5449	1	1
5450	1	1
5451	0	2
5452	1	1
5453	1	2
5454	1	2
5455	0	2
5456	1	2
5457	0	2
5458	3	2
5459	1	2
5460	1	1
5461	1	2
5462	0	2
5463	1	1
5464	1	2
5465	1	1
5466	2	2
5467	0	2
5468	1	1
5469	1	1
5470	1	2
5471	0	2
5472	0	2
5473	1	2
5474	1	3
5475	0	2
5476	0	2
5477	3	2
5478	1	1
5479	1	2
5480	0	2
5481	1	1
5482	1	2
5483	1	1
5484	0	1
5485	1	1
5486	1	1
5487	0	1
5488	0	1
5489	0	1
5490	0	1
5491	1	3
5492	0	1
5493	1	1
5494	0	1
5495	1	1
5496	3	1
5497	0	2
5498	0	1
5499	3	1
5500	0	1
5501	1	1
5502	0	2
5503	1	1
5504	0	1
5505	1	1
5506	0	1
5507	0	2
5508	0	1
5509	0	1
5510	1	1
5511	0	1
5512	1	1
5513	0	1
5514	1	1
5515	0	1
5516	1	1
5517	0	1
5518	0	1
5519	0	1
5520	1	1
5521	2	1
5522	0	1
5523	3	1
5524	1	1
5525	0	1
5526	1	1
5527	0	2
5528	1	1
5529	1	2
5530	0	1
5531	1	1
5532	0	2
5533	0	1
5534	1	1
5535	0	1
5536	1	2
5537	1	1
5538	0	2
5539	0	2
5540	24	1
5541	5	1
5542	1	1
5543	1	2
5544	0	1
5545	1	2
5546	0	2
5547	1	1
5548	0	2
5549	0	2
5550	0	3
5551	2	1
5552	1	1
5553	3	1
5554	1	1
5555	0	2
5556	0	1
5557	1	1
5558	0	1
5559	1	1
5560	0	1
5561	1	1
5562	0	2
5563	0	1
5564	0	2
5565	0	1
5566	1	1
5567	0	1
5568	1	1
5569	0	2
5570	0	1
5571	1	1
5572	0	1
5573	1	1
5574	2	1
5575	1	1
5576	0	1
5577	0	1
5578	3	2
5579	1	2
5580	5	3
5581	1	1
5582	0	1
5583	1	1
5584	0	1
5585	1	1
5586	1	1
5587	0	2
5588	0	1
5589	1	1
5590	0	1
5591	1	1
5592	0	2
5593	0	1
5594	1	2
5595	0	1
5596	1	1
5597	0	1
5598	1	1
5599	1	1
5600	0	1
5601	1	1
5602	0	1
5603	1	1
5604	1	2
5605	1	1
5606	0	1
5607	1	1
5608	0	2
5609	0	1
5610	1	1
5611	0	1
5612	1	1
5613	0	1
5614	1	1
5615	2	2
5616	1	1
5617	0	1
5618	1	1
5619	0	1
5620	1	1
5621	1	2
5622	0	3
5623	1	2
5624	0	2
5625	0	1
5626	1	2
5627	0	2
5628	0	1
5629	1	2
5630	1	1
5631	1	1
5632	0	1
5633	0	1
5634	0	1
5635	0	1
5636	0	1
5637	0	1
5638	1	2
5639	0	2
5640	0	2
5641	1	1
5642	1	1
5643	0	2
5644	0	2
5645	1	1
5646	1	1
5647	1	2
5648	2	2
5649	0	1
5650	1	1
5651	0	1
5652	1	2
5653	1	3
5654	0	1
5655	1	2
5656	1	1
5657	0	2
5658	1	1
5659	1	1
5660	0	2
5661	2	2
5662	0	2
5663	1	1
5664	1	2
5665	1	1
5666	1	1
5667	0	2
5668	0	2
5669	1	2
5670	0	2
5671	1	1
5672	1	1
5673	0	1
5674	1	1
5675	0	2
5676	1	1
5677	1	2
5678	0	2
5679	0	2
5680	0	1
5681	1	1
5682	1	1
5683	1	3
5684	1	2
5685	0	2
5686	1	1
5687	1	2
5688	0	1
5689	2	9
5690	1	1
5691	1	2
5692	1	2
5693	2	1
5694	1	1
5695	0	2
5696	0	2
5697	0	2
5698	0	2
5699	1	1
5700	1	1
5701	1	1
5702	1	2
5703	0	2
5704	0	2
5705	1	1
5706	1	2
5707	0	2
5708	0	2
5709	0	1
5710	0	1
5711	1	1
5712	0	1
5713	1	1
5714	1	1
5715	0	1
5716	1	2
5717	0	2
5718	0	1
5719	0	1
5720	1	1
5721	1	2
5722	1	1
5723	0	1
5724	1	1
5725	2	2
5726	1	1
5727	1	1
5728	0	1
5729	1	1
5730	0	2
5731	0	1
5732	1	1
5733	0	1
5734	1	1
5735	0	2
5736	0	1
5737	1	1
5738	0	1
5739	1	1
5740	0	1
5741	1	1
5742	0	2
5743	0	1
5744	1	1
5745	0	2
5746	1	1
5747	0	2
5748	0	1
5749	0	1
5750	1	1
5751	0	1
5752	1	1
5753	0	1
5754	1	1
5755	2	1
5756	1	1
5757	2	1
5758	0	1
5759	1	1
5760	1	1
5761	0	2
5762	1	2
5763	1	1
5764	1	1
5765	0	1
5766	1	1
5767	0	1
5768	1	1
5769	0	1
5770	1	1
5771	1	1
5772	1	1
5773	4	1
5774	0	1
5775	0	1
5776	0	1
5777	1	1
5778	3	2
5779	0	1
5780	1	1
5781	0	1
5782	1	1
5783	3	3
5784	1	1
5785	0	1
5786	1	1
5787	0	1
5788	1	1
5789	1	1
5790	1	1
5791	0	1
5792	1	1
5793	0	2
5794	0	1
5795	1	1
5796	0	2
5797	0	1
5798	1	1
5799	0	2
5800	1	1
5801	0	1
5802	1	1
5803	3	2
5804	1	2
5805	1	1
5806	1	1
5807	2	1
5808	1	1
5809	0	1
5810	1	1
5811	0	1
5812	1	2
5813	1	1
5814	0	1
5815	1	1
5816	2	2
5817	0	1
5818	0	2
5819	0	1
5820	0	1
5821	0	1
5822	0	1
5823	1	1
5824	0	1
5825	1	1
5826	0	1
5827	1	1
5828	0	2
5829	0	2
5830	0	1
5831	1	1
5832	1	2
5833	0	1
5834	1	1
5835	2	1
5836	1	2
5837	0	1
5838	1	1
5839	0	1
5840	1	1
5841	0	1
5842	3	3
5843	1	1
5844	1	1
5845	1	1
5846	0	1
5847	1	1
5848	0	2
5849	0	1
5850	2	1
5851	1	2
5852	0	2
5853	0	2
5854	1	1
5855	1	2
5856	0	2
5857	1	2
5858	1	1
5859	1	1
5860	1	2
5861	0	2
5862	0	2
5863	1	2
5864	1	2
5865	0	2
5866	1	1
5867	1	2
5868	0	2
5869	1	1
5870	1	3
5871	0	2
5872	0	1
5873	1	1
5874	0	1
5875	1	1
5876	0	1
5877	1	1
5878	0	2
5879	1	1
5880	0	2
5881	1	2
5882	1	1
5883	0	2
5884	0	2
5885	0	2
5886	1	1
5887	0	2
5888	0	2
5889	1	1
5890	1	2
5891	0	1
5892	1	2
5893	2	2
5894	0	2
5895	9	4
5896	0	2
5897	1	1
5898	1	1
5899	0	2
5900	0	2
5901	0	2
5902	1	1
5903	1	2
5904	0	1
5905	1	1
5906	0	1
5907	1	1
5908	0	2
5909	0	3
5910	1	1
5911	1	3
5912	3	2
5913	1	1
5914	1	1
5915	0	1
5916	1	3
5917	0	1
5918	1	1
5919	1	1
5920	1	1
5921	1	1
5922	1	1
5923	0	1
5924	1	2
5925	1	1
5926	1	1
5927	0	1
5928	1	1
5929	0	1
5930	1	1
5931	0	1
5932	0	2
5933	0	1
5934	0	1
5935	1	1
5936	0	1
5937	1	1
5938	0	1
5939	1	1
5940	0	1
5941	1	1
5942	0	1
5943	1	1
5944	0	1
5945	1	1
5946	0	3
5947	0	2
5948	0	2
5949	0	1
5950	1	1
5951	0	2
5952	0	1
5953	0	1
5954	0	1
5955	1	2
5956	1	1
5957	1	1
5958	1	1
5959	0	1
5960	1	1
5961	0	1
5962	1	1
5963	0	1
5964	1	2
5965	1	1
5966	0	1
5967	1	1
5968	0	1
5969	1	1
5970	0	1
5971	1	1
5972	0	1
5973	1	1
5974	1	1
5975	1	1
5976	2	1
5977	0	1
5978	1	1
5979	0	1
5980	1	1
5981	0	1
5982	1	1
5983	0	3
5984	1	1
5985	0	2
5986	0	2
5987	0	2
5988	0	2
5989	1	1
5990	1	1
5991	4	2
5992	0	1
5993	1	1
5994	0	1
5995	1	2
5996	1	1
5997	1	3
5998	1	2
5999	2	3
6000	0	2
6001	1	2
6002	1	1
6003	0	2
6004	0	3
6005	0	2
6006	0	2
6007	1	1
6008	1	2
6009	0	2
6010	1	1
6011	1	1
6012	1	2
6013	0	1
6014	1	1
6015	0	1
6016	1	2
6017	0	2
6018	1	1
6019	0	1
6020	0	4
6021	0	1
6022	1	2
6023	0	3
6024	2	2
6025	2	1
6026	1	1
6027	0	1
6028	1	1
6029	1	1
6030	1	1
6031	1	1
6032	0	1
6033	1	1
6034	0	1
6035	1	1
6036	0	1
6037	0	2
6038	0	1
6039	0	2
6040	2	1
6041	0	2
6042	1	1
6043	1	2
6044	0	2
6045	0	2
6046	1	2
6047	1	2
6048	1	1
6049	1	2
6050	0	2
6051	0	2
6052	1	1
6053	1	1
6054	0	2
6055	1	1
6056	1	1
6057	1	1
6058	1	1
6059	0	1
6060	1	1
6061	0	1
6062	1	2
6063	1	1
6064	0	1
6065	0	2
6066	0	1
6067	0	1
6068	0	1
6069	0	2
6070	0	1
6071	0	2
6072	2	1
6073	0	1
6074	1	1
6075	0	1
6076	1	1
6077	0	1
6078	1	1
6079	0	1
6080	0	1
6081	1	1
6082	0	1
6083	1	1
6084	0	1
6085	1	1
6086	0	1
6087	0	1
6088	0	2
6089	0	2
6090	0	2
6091	1	1
6092	1	2
6093	1	3
6094	0	2
6095	0	2
6096	1	1
6097	1	1
6098	1	2
6099	1	2
6100	0	2
6101	1	2
6102	0	2
6103	0	1
6104	1	1
6105	1	1
6106	3	2
6107	1	3
6108	2	2
6109	1	1
6110	1	3
6111	2	3
6112	2	2
6113	1	1
6114	1	2
6115	0	3
6116	1	1
6117	1	1
6118	1	1
6119	0	2
6120	0	1
6121	1	1
6122	1	1
6123	0	2
6124	2	1
6125	1	2
6126	1	2
6127	0	2
6128	1	1
6129	2	2
6130	3	7
6131	1	1
6132	0	1
6133	1	2
6134	1	1
6135	1	1
6136	0	1
6137	1	1
6138	0	1
6139	1	1
6140	0	1
6141	1	1
6142	0	1
6143	1	1
6144	0	1
6145	1	1
6146	0	1
6147	1	1
6148	0	1
6149	1	1
6150	0	1
6151	1	1
6152	0	1
6153	1	1
6154	0	1
6155	0	2
6156	0	2
6157	0	2
6158	0	1
6159	1	1
6160	1	1
6161	0	1
6162	1	1
6163	0	1
6164	1	1
6165	1	1
6166	1	1
6167	1	2
6168	0	2
6169	1	1
6170	1	1
6171	1	1
6172	0	3
6173	0	1
6174	1	1
6175	0	1
6176	1	1
6177	0	1
6178	0	1
6179	1	1
6180	0	1
6181	1	1
6182	0	2
6183	0	1
6184	1	1
6185	0	1
6186	1	1
6187	1	1
6188	0	1
6189	1	1
6190	0	2
6191	0	1
6192	1	1
6193	1	2
6194	1	1
6195	1	2
6196	0	2
6197	0	2
6198	1	1
6199	1	3
6200	0	2
6201	1	2
6202	0	1
6203	1	2
6204	0	3
6205	1	1
6206	1	2
6207	0	1
6208	1	1
6209	1	1
6210	1	1
6211	0	1
6212	1	1
6213	0	1
6214	1	1
6215	2	2
6216	1	2
6217	3	1
6218	0	1
6219	1	1
6220	1	3
6221	0	2
6222	2	2
6223	1	1
6224	1	1
6225	3	2
6226	1	1
6227	1	1
6228	0	1
6229	1	1
6230	0	2
6231	0	1
6232	0	2
6233	0	1
6234	1	1
6235	3	1
6236	1	2
6237	1	1
6238	1	1
6239	1	1
6240	0	1
6241	2	1
6242	1	1
6243	1	1
6244	0	1
6245	0	1
6246	0	1
6247	0	2
6248	0	1
6249	1	1
6250	1	2
6251	2	1
6252	4	4
6253	1	1
6254	1	3
6255	1	1
6256	1	1
6257	1	1
6258	1	1
6259	1	1
6260	1	2
6261	0	2
6262	0	2
6263	0	2
6264	0	2
6265	1	1
6266	1	1
6267	1	1
6268	1	1
6269	1	2
6270	0	2
6271	1	2
6272	1	1
6273	1	2
6274	0	2
6275	0	2
6276	1	2
6277	0	3
6278	1	1
6279	0	1
6280	1	1
6281	0	1
6282	1	1
6283	0	1
6284	0	3
6285	0	1
6286	1	1
6287	0	1
6288	0	1
6289	1	1
6290	0	1
6291	1	1
6292	0	2
6293	0	1
6294	1	1
6295	0	1
6296	1	1
6297	0	2
6298	0	1
6299	1	1
6300	0	1
6301	1	1
6302	0	1
6303	1	1
6304	0	2
6305	0	2
6306	1	1
6307	1	1
6308	0	1
6309	1	1
6310	0	2
6311	0	1
6312	0	2
6313	0	1
6314	2	3
6315	0	1
6316	1	1
6317	0	2
6318	0	1
6319	1	1
6320	0	2
6321	0	2
6322	1	2
6323	0	1
6324	1	1
6325	0	1
6326	1	1
6327	1	1
6328	0	2
6329	1	1
6330	2	1
6331	1	1
6332	1	1
6333	0	1
6334	1	1
6335	0	1
6336	0	2
6337	0	1
6338	0	1
6339	1	1
6340	0	1
6341	1	1
6342	0	1
6343	0	4
6344	2	1
6345	1	1
6346	1	1
6347	1	2
6348	3	2
6349	2	2
6350	0	2
6351	0	2
6352	26	2
6353	3	2
6354	0	1
6355	1	1
6356	0	1
6357	1	1
6358	1	1
6359	0	1
6360	1	1
6361	1	1
6362	1	1
6363	1	1
6364	0	2
6365	0	1
6366	2	1
6367	1	1
6368	1	1
6369	0	1
6370	1	1
6371	1	1
6372	1	1
6373	0	2
6374	2	2
6375	1	2
6376	0	2
6377	1	2
6378	0	2
6379	0	2
6380	2	1
6381	1	1
6382	0	1
6383	1	1
6384	1	1
6385	1	1
6386	0	1
6387	1	1
6388	0	1
6389	1	2
6390	1	2
6391	1	2
6392	0	2
6393	0	1
6394	1	1
6395	1	2
6396	2	1
6397	0	1
6398	1	1
6399	0	2
6400	1	1
6401	1	1
6402	4	2
6403	1	2
6404	2	2
6405	2	1
6406	1	1
6407	1	1
6408	1	2
6409	1	1
6410	0	2
6411	0	1
6412	1	1
6413	0	1
6414	1	2
6415	0	2
6416	0	2
6417	0	1
6418	1	1
6419	0	2
6420	0	1
6421	1	1
6422	0	1
6423	1	1
6424	0	1
6425	1	1
6426	0	2
6427	0	2
6428	1	1
6429	0	1
6430	1	1
6431	0	1
6432	1	1
6433	0	1
6434	1	1
6435	0	1
6436	1	1
6437	0	1
6438	1	1
6439	1	1
6440	0	2
6441	1	3
6442	1	1
6443	0	1
6444	0	6
6445	4	1
6446	1	1
6447	0	1
6448	1	3
6449	1	1
6450	0	1
6451	1	1
6452	1	1
6453	0	1
6454	1	1
6455	1	1
6456	0	1
6457	1	1
6458	0	2
6459	3	1
6460	0	1
6461	1	1
6462	1	1
6463	0	2
6464	0	3
6465	1	7
6466	1	1
6467	0	1
6468	1	2
6469	1	2
6470	1	2
6471	0	1
6472	1	1
6473	0	1
6474	0	1
6475	0	2
6476	0	2
6477	1	1
6478	0	1
6479	1	1
6480	1	2
6481	0	2
6482	0	1
6483	1	1
6484	2	2
6485	0	2
6486	0	1
6487	1	1
6488	0	1
6489	0	1
6490	1	1
6491	0	1
6492	1	1
6493	0	1
6494	1	1
6495	0	1
6496	1	1
6497	0	1
6498	1	2
6499	1	1
6500	0	2
6501	1	1
6502	0	1
6503	1	1
6504	1	2
6505	1	1
6506	0	1
6507	1	1
6508	0	1
6509	0	1
6510	1	1
6511	0	1
6512	1	1
6513	1	1
6514	0	2
6515	1	1
6516	1	1
6517	1	1
6518	1	1
6519	0	1
6520	1	3
6521	0	1
6522	1	1
6523	0	1
6524	0	1
6525	0	1
6526	0	1
6527	1	1
6528	0	1
6529	1	1
6530	0	1
6531	1	1
6532	0	1
6533	0	1
6534	0	1
6535	0	1
6536	0	1
6537	0	3
6538	0	1
6539	0	2
6540	0	1
6541	0	1
6542	1	1
6543	1	2
6544	0	1
6545	1	1
6546	0	1
6547	1	1
6548	1	1
6549	0	2
6550	8	2
6551	1	2
6552	1	1
6553	3	3
6554	2	2
6555	1	1
6556	1	1
6557	0	2
6558	1	2
6559	1	2
6560	0	2
6561	1	1
6562	1	1
6563	1	2
6564	0	2
6565	1	4
6566	1	3
6567	1	1
6568	1	1
6569	1	2
6570	3	2
6571	7	1
6572	0	2
6573	0	1
6574	1	3
6575	0	2
6576	2	1
6577	1	1
6578	0	1
6579	1	1
6580	0	1
6581	0	1
6582	0	1
6583	0	2
6584	0	2
6585	2	1
6586	1	1
6587	0	2
6588	0	2
6589	1	2
6590	1	2
6591	0	2
6592	1	2
6593	1	1
6594	1	2
6595	2	2
6596	0	2
6597	0	2
6598	0	2
6599	1	1
6600	1	2
6601	0	2
6602	0	2
6603	1	1
6604	1	1
6605	1	2
6606	0	2
6607	0	2
6608	1	1
6609	1	2
6610	0	2
6611	1	2
6612	1	1
6613	0	2
6614	0	1
6615	0	1
6616	1	1
6617	0	1
6618	3	1
6619	1	1
6620	1	1
6621	0	1
6622	0	1
6623	0	1
6624	1	1
6625	0	1
6626	1	1
6627	0	3
6628	0	1
6629	1	1
6630	0	1
6631	0	1
6632	1	1
6633	0	1
6634	1	1
6635	0	1
6636	1	1
6637	0	1
6638	1	1
6639	1	1
6640	1	1
6641	0	1
6642	0	1
6643	1	1
6644	0	1
6645	1	1
6646	1	1
6647	0	3
6648	1	1
6649	1	1
6650	0	1
6651	1	1
6652	0	1
6653	1	1
6654	0	2
6655	1	1
6656	1	2
6657	1	1
6658	0	1
6659	0	2
6660	0	1
6661	1	1
6662	1	1
6663	0	1
6664	1	1
6665	0	1
6666	1	1
6667	1	2
6668	2	1
6669	1	1
6670	0	2
6671	0	1
6672	1	1
6673	0	1
6674	3	1
6675	1	1
6676	0	2
6677	0	1
6678	1	1
6679	0	1
6680	1	1
6681	0	1
6682	2	1
6683	0	1
6684	1	2
6685	1	2
6686	1	1
6687	0	1
6688	1	1
6689	2	1
6690	1	2
6691	1	1
6692	1	1
6693	3	1
6694	1	1
6695	0	1
6696	1	1
6697	1	1
6698	2	1
6699	1	1
6700	0	1
6701	1	1
6702	0	1
6703	1	1
6704	0	2
6705	0	3
6706	1	1
6707	1	2
6708	0	2
6709	1	1
6710	1	1
6711	1	4
6712	1	2
6713	2	2
6714	0	2
6715	0	3
6716	1	2
6717	0	2
6718	0	1
6719	1	1
6720	1	2
6721	0	3
6722	1	3
6723	0	2
6724	1	1
6725	1	1
6726	1	2
6727	0	2
6728	0	3
6729	1	2
6730	1	1
6731	1	2
6732	0	2
6733	0	2
6734	1	2
6735	3	2
6736	0	2
6737	0	2
6738	1	1
6739	1	1
6740	1	2
6741	0	2
6742	0	2
6743	1	1
6744	1	1
6745	0	2
6746	0	2
6747	1	1
6748	1	1
6749	1	2
6750	1	2
6751	1	1
6752	1	2
6753	0	2
6754	0	2
6755	1	1
6756	2	2
6757	1	1
6758	1	3
6759	1	2
6760	1	1
6761	1	2
6762	0	1
6763	1	1
6764	1	1
6765	0	2
6766	0	2
6767	0	2
6768	0	1
6769	1	1
6770	0	1
6771	1	1
6772	0	2
6773	1	2
6774	1	1
6775	1	2
6776	0	2
6777	3	4
6778	1	2
6779	1	1
6780	1	2
6781	0	2
6782	7	3
6783	1	2
6784	0	2
6785	1	3
6786	1	1
6787	1	1
6788	1	2
6789	0	1
6790	1	1
6791	0	1
6792	1	1
6793	0	2
6794	1	2
6795	1	3
6796	1	1
6797	1	1
6798	0	1
6799	1	3
6800	1	2
6801	1	1
6802	1	1
6803	0	1
6804	1	1
6805	0	1
6806	1	1
6807	1	1
6808	1	1
6809	0	1
6810	0	1
6811	1	1
6812	0	1
6813	1	1
6814	0	1
6815	1	1
6816	0	1
6817	1	1
6818	0	1
6819	1	1
6820	0	1
6821	1	1
6822	1	1
6823	0	1
6824	1	1
6825	0	2
6826	0	1
6827	1	2
6828	1	1
6829	1	1
6830	0	1
6831	1	1
6832	1	1
6833	1	1
6834	0	1
6835	2	1
6836	0	1
6837	1	1
6838	0	1
6839	1	1
6840	1	1
6841	0	2
6842	1	1
6843	2	1
6844	1	2
6845	0	2
6846	0	2
6847	1	1
6848	1	1
6849	0	2
6850	0	2
6851	1	1
6852	1	1
6853	1	2
6854	0	2
6855	0	2
6856	1	1
6857	1	1
6858	0	2
6859	1	2
6860	0	2
6861	1	1
6862	1	1
6863	1	2
6864	0	3
6865	0	2
6866	0	2
6867	1	1
6868	0	3
6869	0	1
6870	1	1
6871	0	1
6872	1	3
6873	0	2
6874	0	2
6875	0	2
6876	0	2
6877	0	2
6878	0	1
6879	0	1
6880	0	1
6881	3	5
6882	0	2
6883	1	1
6884	1	2
6885	2	4
6886	1	2
6887	1	1
6888	1	2
6889	1	3
6890	0	2
6891	1	1
6892	1	1
6893	1	2
6894	0	2
6895	1	1
6896	0	1
6897	3	1
6898	1	1
6899	1	1
6900	1	1
6901	1	2
6902	1	1
6903	11	1
6904	1	2
6905	1	3
6906	2	3
6907	1	1
6908	1	1
6909	0	1
6910	0	1
6911	1	2
6912	1	1
6913	0	1
6914	1	1
6915	0	1
6916	1	1
6917	0	2
6918	0	2
6919	0	2
6920	1	1
6921	1	1
6922	1	2
6923	0	2
6924	0	2
6925	1	1
6926	1	2
6927	4	2
6928	0	1
6929	1	1
6930	1	2
6931	0	2
6932	0	2
6933	1	2
6934	1	2
6935	0	1
6936	1	1
6937	1	2
6938	0	2
6939	0	3
6940	1	2
6941	0	2
6942	0	3
6943	1	2
6944	0	2
6945	0	2
6946	2	2
6947	0	2
6948	1	1
6949	1	2
6950	0	2
6951	0	2
6952	0	3
6953	0	1
6954	0	2
6955	0	2
6956	1	1
6957	1	2
6958	0	2
6959	1	3
6960	1	2
6961	0	2
6962	0	1
6963	1	1
6964	0	1
6965	1	1
6966	0	1
6967	1	1
6968	0	1
6969	1	1
6970	0	1
6971	0	1
6972	0	1
6973	0	1
6974	1	1
6975	0	2
6976	0	1
6977	0	1
6978	0	1
6979	0	3
6980	1	2
6981	0	2
6982	1	1
6983	1	1
6984	1	1
6985	1	1
6986	0	2
6987	2	1
6988	1	2
6989	2	3
6990	5	4
6991	1	2
