splitSize	4
 totalAck	 6992

Ack	Publisher Time Delay
0	5
1	27
2	7
3	7
4	6
5	7
6	4
7	3
8	4
9	13
10	5
11	6
12	5
13	6
14	7
15	3
16	2
17	3
18	2
19	2
20	2
21	2
22	3
23	3
24	2
25	2
26	4
27	2
28	2
29	2
30	3
31	4
32	4
33	3
34	2
35	2
36	6
37	2
38	3
39	2
40	2
41	6
42	3
43	5
44	3
45	4
46	4
47	3
48	3
49	2
50	4
51	5
52	12
53	3
54	3
55	4
56	5
57	4
58	2
59	2
60	2
61	5
62	3
63	3
64	3
65	3
66	5
67	4
68	3
69	5
70	6
71	4
72	3
73	3
74	2
75	3
76	4
77	2
78	2
79	2
80	2
81	3
82	2
83	2
84	3
85	3
86	3
87	4
88	3
89	3
90	3
91	2
92	2
93	4
94	4
95	3
96	2
97	2
98	2
99	4
100	2
101	4
102	5
103	5
104	4
105	4
106	3
107	3
108	7
109	3
110	4
111	6
112	7
113	3
114	2
115	4
116	2
117	6
118	3
119	2
120	2
121	2
122	1
123	1
124	2
125	2
126	6
127	2
128	1
129	2
130	2
131	4
132	3
133	2
134	2
135	3
136	2
137	2
138	2
139	1
140	1
141	1
142	2
143	2
144	2
145	3
146	2
147	2
148	1
149	2
150	2
151	3
152	6
153	3
154	1
155	1
156	2
157	5
158	3
159	2
160	3
161	3
162	16
163	9
164	3
165	2
166	2
167	11
168	5
169	5
170	3
171	4
172	5
173	39
174	6
175	3
176	2
177	5
178	4
179	4
180	3
181	5
182	8
183	3
184	6
185	3
186	3
187	3
188	4
189	4
190	3
191	3
192	4
193	3
194	3
195	3
196	4
197	4
198	3
199	2
200	3
201	3
202	3
203	2
204	5
205	4
206	2
207	4
208	2
209	2
210	11
211	3
212	2
213	3
214	2
215	3
216	5
217	2
218	3
219	2
220	1
221	1
222	4
223	2
224	4
225	3
226	10
227	3
228	15
229	3
230	2
231	2
232	3
233	4
234	5
235	3
236	2
237	6
238	2
239	2
240	2
241	4
242	2
243	2
244	2
245	1
246	4
247	5
248	8
249	3
250	3
251	4
252	5
253	3
254	2
255	4
256	5
257	2
258	3
259	4
260	5
261	2
262	2
263	2
264	3
265	2
266	3
267	2
268	4
269	3
270	3
271	3
272	3
273	2
274	3
275	2
276	4
277	5
278	3
279	4
280	5
281	2
282	4
283	2
284	3
285	2
286	2
287	2
288	2
289	3
290	2
291	3
292	2
293	2
294	2
295	3
296	2
297	3
298	7
299	4
300	2
301	3
302	8
303	1
304	1
305	3
306	2
307	3
308	3
309	2
310	3
311	2
312	2
313	3
314	3
315	3
316	2
317	2
318	4
319	4
320	3
321	4
322	5
323	3
324	3
325	3
326	3
327	3
328	4
329	5
330	2
331	3
332	2
333	2
334	4
335	3
336	8
337	3
338	2
339	2
340	2
341	3
342	6
343	2
344	3
345	2
346	4
347	3
348	2
349	2
350	2
351	4
352	6
353	3
354	3
355	8
356	2
357	3
358	2
359	1
360	2
361	3
362	3
363	2
364	2
365	2
366	1
367	3
368	5
369	2
370	2
371	3
372	3
373	3
374	3
375	3
376	3
377	5
378	4
379	2
380	2
381	2
382	4
383	2
384	1
385	2
386	2
387	1
388	1
389	2
390	3
391	5
392	3
393	34
394	2
395	3
396	3
397	3
398	3
399	3
400	2
401	2
402	3
403	3
404	2
405	1
406	2
407	2
408	4
409	1
410	1
411	3
412	4
413	2
414	2
415	3
416	2
417	2
418	2
419	2
420	2
421	2
422	3
423	2
424	5
425	2
426	2
427	2
428	3
429	3
430	3
431	3
432	3
433	4
434	4
435	3
436	3
437	2
438	3
439	3
440	2
441	3
442	2
443	3
444	4
445	3
446	4
447	3
448	2
449	3
450	5
451	9
452	2
453	3
454	2
455	2
456	2
457	2
458	2
459	1
460	2
461	8
462	2
463	2
464	2
465	4
466	3
467	8
468	3
469	4
470	3
471	2
472	1
473	1
474	3
475	1
476	2
477	2
478	2
479	1
480	3
481	2
482	3
483	2
484	3
485	2
486	2
487	2
488	2
489	1
490	1
491	2
492	4
493	3
494	3
495	2
496	2
497	2
498	2
499	3
500	3
501	2
502	1
503	2
504	4
505	4
506	3
507	1
508	1
509	2
510	2
511	1
512	1
513	2
514	1
515	2
516	2
517	2
518	2
519	3
520	2
521	3
522	2
523	2
524	3
525	2
526	4
527	4
528	3
529	3
530	3
531	4
532	4
533	2
534	2
535	2
536	3
537	2
538	2
539	2
540	1
541	2
542	1
543	4
544	4
545	4
546	2
547	2
548	2
549	3
550	3
551	3
552	3
553	2
554	2
555	6
556	3
557	3
558	3
559	6
560	5
561	2
562	3
563	4
564	2
565	1
566	2
567	4
568	5
569	2
570	1
571	2
572	12
573	3
574	3
575	3
576	6
577	3
578	4
579	2
580	2
581	4
582	5
583	2
584	3
585	2
586	4
587	2
588	3
589	3
590	2
591	3
592	3
593	2
594	3
595	7
596	7
597	7
598	2
599	4
600	5
601	3
602	2
603	2
604	2
605	3
606	3
607	2
608	5
609	3
610	2
611	3
612	2
613	2
614	3
615	6
616	3
617	2
618	2
619	2
620	2
621	1
622	3
623	3
624	2
625	2
626	1
627	1
628	2
629	4
630	2
631	1
632	2
633	2
634	2
635	1
636	2
637	6
638	2
639	2
640	5
641	4
642	2
643	3
644	3
645	2
646	2
647	4
648	5
649	2
650	2
651	5
652	3
653	2
654	3
655	2
656	2
657	3
658	1
659	2
660	1
661	2
662	2
663	2
664	2
665	2
666	2
667	3
668	2
669	2
670	2
671	2
672	2
673	3
674	2
675	3
676	2
677	3
678	4
679	5
680	3
681	3
682	3
683	4
684	2
685	2
686	3
687	2
688	4
689	4
690	2
691	3
692	2
693	3
694	4
695	12
696	3
697	4
698	2
699	2
700	3
701	2
702	3
703	2
704	3
705	2
706	2
707	3
708	2
709	2
710	2
711	2
712	2
713	2
714	2
715	2
716	4
717	2
718	1
719	1
720	2
721	3
722	2
723	5
724	3
725	3
726	2
727	2
728	1
729	4
730	2
731	2
732	2
733	1
734	2
735	3
736	2
737	1
738	2
739	2
740	2
741	2
742	1
743	4
744	3
745	3
746	3
747	2
748	3
749	3
750	2
751	2
752	2
753	2
754	2
755	4
756	3
757	2
758	2
759	2
760	3
761	4
762	3
763	2
764	2
765	3
766	3
767	4
768	2
769	3
770	2
771	2
772	3
773	2
774	3
775	2
776	2
777	3
778	2
779	2
780	1
781	3
782	2
783	2
784	1
785	2
786	1
787	2
788	1
789	1
790	4
791	2
792	3
793	2
794	3
795	3
796	3
797	3
798	3
799	2
800	3
801	2
802	2
803	2
804	2
805	3
806	2
807	3
808	3
809	3
810	3
811	2
812	1
813	2
814	2
815	2
816	3
817	2
818	3
819	2
820	2
821	1
822	2
823	2
824	3
825	2
826	6
827	3
828	2
829	2
830	3
831	3
832	3
833	1
834	1
835	3
836	4
837	2
838	1
839	2
840	2
841	2
842	1
843	3
844	2
845	2
846	2
847	2
848	2
849	1
850	2
851	4
852	2
853	1
854	2
855	1
856	2
857	2
858	1
859	1
860	2
861	3
862	2
863	2
864	2
865	1
866	2
867	1
868	2
869	3
870	3
871	3
872	4
873	2
874	3
875	2
876	2
877	1
878	2
879	1
880	2
881	2
882	1
883	2
884	1
885	2
886	1
887	3
888	2
889	2
890	2
891	3
892	2
893	2
894	2
895	2
896	4
897	2
898	3
899	2
900	3
901	3
902	3
903	3
904	3
905	2
906	4
907	3
908	3
909	2
910	2
911	2
912	2
913	2
914	1
915	2
916	2
917	2
918	2
919	2
920	2
921	1
922	1
923	2
924	4
925	2
926	2
927	2
928	3
929	3
930	4
931	2
932	2
933	3
934	3
935	6
936	2
937	2
938	4
939	6
940	1
941	2
942	1
943	2
944	2
945	1
946	6
947	3
948	3
949	3
950	2
951	2
952	4
953	2
954	4
955	2
956	2
957	2
958	4
959	1
960	2
961	1
962	1
963	2
964	2
965	1
966	2
967	2
968	1
969	1
970	2
971	1
972	2
973	2
974	1
975	2
976	1
977	2
978	2
979	1
980	2
981	1
982	1
983	4
984	30
985	4
986	3
987	2
988	2
989	3
990	1
991	2
992	2
993	3
994	1
995	1
996	2
997	1
998	2
999	1
1000	2
1001	1
1002	1
1003	2
1004	3
1005	1
1006	2
1007	1
1008	2
1009	17
1010	3
1011	6
1012	2
1013	2
1014	2
1015	1
1016	2
1017	1
1018	3
1019	2
1020	2
1021	1
1022	3
1023	2
1024	3
1025	3
1026	4
1027	2
1028	2
1029	2
1030	2
1031	4
1032	3
1033	3
1034	2
1035	3
1036	4
1037	2
1038	2
1039	2
1040	2
1041	1
1042	2
1043	2
1044	2
1045	2
1046	6
1047	4
1048	3
1049	8
1050	3
1051	2
1052	5
1053	5
1054	2
1055	2
1056	3
1057	4
1058	2
1059	5
1060	2
1061	5
1062	3
1063	2
1064	2
1065	3
1066	2
1067	2
1068	2
1069	2
1070	1
1071	2
1072	1
1073	2
1074	2
1075	2
1076	1
1077	1
1078	2
1079	3
1080	1
1081	1
1082	2
1083	1
1084	1
1085	2
1086	3
1087	2
1088	1
1089	2
1090	2
1091	2
1092	1
1093	2
1094	4
1095	3
1096	1
1097	2
1098	1
1099	1
1100	2
1101	1
1102	2
1103	1
1104	2
1105	1
1106	2
1107	2
1108	2
1109	1
1110	1
1111	2
1112	2
1113	3
1114	2
1115	3
1116	2
1117	3
1118	2
1119	3
1120	2
1121	3
1122	2
1123	3
1124	2
1125	3
1126	3
1127	2
1128	2
1129	2
1130	2
1131	3
1132	4
1133	2
1134	3
1135	2
1136	2
1137	4
1138	2
1139	2
1140	1
1141	2
1142	2
1143	4
1144	6
1145	5
1146	2
1147	1
1148	2
1149	3
1150	3
1151	2
1152	2
1153	2
1154	2
1155	2
1156	3
1157	1
1158	2
1159	2
1160	1
1161	2
1162	2
1163	2
1164	1
1165	2
1166	2
1167	1
1168	1
1169	3
1170	2
1171	1
1172	2
1173	2
1174	4
1175	2
1176	3
1177	2
1178	2
1179	2
1180	5
1181	4
1182	2
1183	3
1184	4
1185	2
1186	3
1187	2
1188	2
1189	3
1190	2
1191	2
1192	3
1193	2
1194	2
1195	2
1196	2
1197	2
1198	3
1199	3
1200	3
1201	2
1202	2
1203	3
1204	4
1205	2
1206	3
1207	1
1208	1
1209	2
1210	1
1211	2
1212	3
1213	2
1214	1
1215	2
1216	2
1217	1
1218	3
1219	2
1220	4
1221	2
1222	4
1223	3
1224	2
1225	3
1226	3
1227	3
1228	3
1229	3
1230	3
1231	2
1232	3
1233	3
1234	4
1235	2
1236	2
1237	3
1238	2
1239	2
1240	2
1241	2
1242	3
1243	6
1244	5
1245	5
1246	1
1247	3
1248	2
1249	4
1250	2
1251	2
1252	2
1253	2
1254	2
1255	2
1256	2
1257	1
1258	1
1259	2
1260	1
1261	1
1262	3
1263	4
1264	4
1265	1
1266	2
1267	1
1268	3
1269	1
1270	1
1271	2
1272	1
1273	1
1274	2
1275	3
1276	3
1277	2
1278	2
1279	2
1280	2
1281	2
1282	1
1283	1
1284	2
1285	3
1286	2
1287	1
1288	1
1289	1
1290	2
1291	2
1292	1
1293	2
1294	2
1295	3
1296	1
1297	2
1298	2
1299	1
1300	2
1301	2
1302	4
1303	3
1304	2
1305	2
1306	3
1307	5
1308	3
1309	2
1310	2
1311	1
1312	1
1313	2
1314	1
1315	1
1316	1
1317	3
1318	2
1319	3
1320	2
1321	4
1322	5
1323	3
1324	2
1325	2
1326	4
1327	2
1328	2
1329	6
1330	1
1331	1
1332	3
1333	1
1334	1
1335	2
1336	2
1337	1
1338	2
1339	2
1340	1
1341	2
1342	2
1343	1
1344	2
1345	2
1346	1
1347	1
1348	1
1349	1
1350	2
1351	1
1352	3
1353	3
1354	4
1355	1
1356	2
1357	1
1358	3
1359	5
1360	3
1361	2
1362	2
1363	4
1364	2
1365	2
1366	3
1367	2
1368	3
1369	4
1370	2
1371	2
1372	2
1373	1
1374	2
1375	3
1376	1
1377	3
1378	2
1379	3
1380	2
1381	2
1382	3
1383	2
1384	3
1385	3
1386	2
1387	2
1388	2
1389	1
1390	3
1391	5
1392	2
1393	3
1394	3
1395	2
1396	3
1397	3
1398	2
1399	2
1400	2
1401	2
1402	1
1403	2
1404	1
1405	1
1406	2
1407	1
1408	2
1409	1
1410	2
1411	1
1412	2
1413	1
1414	1
1415	1
1416	1
1417	2
1418	2
1419	1
1420	1
1421	1
1422	1
1423	2
1424	2
1425	3
1426	1
1427	2
1428	2
1429	1
1430	2
1431	2
1432	3
1433	2
1434	2
1435	4
1436	3
1437	2
1438	7
1439	3
1440	2
1441	2
1442	8
1443	2
1444	1
1445	2
1446	2
1447	1
1448	1
1449	2
1450	1
1451	2
1452	2
1453	1
1454	1
1455	2
1456	2
1457	3
1458	2
1459	4
1460	2
1461	3
1462	3
1463	6
1464	5
1465	3
1466	2
1467	2
1468	3
1469	3
1470	2
1471	2
1472	2
1473	3
1474	4
1475	2
1476	1
1477	1
1478	2
1479	2
1480	1
1481	2
1482	1
1483	1
1484	2
1485	2
1486	1
1487	2
1488	2
1489	1
1490	2
1491	2
1492	1
1493	1
1494	2
1495	2
1496	1
1497	1
1498	2
1499	1
1500	2
1501	2
1502	3
1503	2
1504	2
1505	2
1506	2
1507	2
1508	1
1509	2
1510	3
1511	2
1512	2
1513	1
1514	1
1515	3
1516	2
1517	1
1518	1
1519	2
1520	2
1521	2
1522	2
1523	1
1524	2
1525	1
1526	1
1527	2
1528	2
1529	2
1530	2
1531	1
1532	2
1533	1
1534	1
1535	2
1536	3
1537	4
1538	2
1539	2
1540	1
1541	2
1542	2
1543	1
1544	3
1545	2
1546	2
1547	2
1548	1
1549	2
1550	2
1551	1
1552	2
1553	2
1554	1
1555	2
1556	1
1557	1
1558	3
1559	6
1560	4
1561	4
1562	2
1563	2
1564	5
1565	2
1566	1
1567	1
1568	2
1569	2
1570	3
1571	1
1572	2
1573	2
1574	3
1575	1
1576	1
1577	1
1578	1
1579	2
1580	2
1581	2
1582	2
1583	2
1584	2
1585	2
1586	4
1587	3
1588	2
1589	3
1590	2
1591	4
1592	3
1593	4
1594	2
1595	2
1596	3
1597	2
1598	2
1599	3
1600	2
1601	2
1602	2
1603	3
1604	2
1605	2
1606	3
1607	2
1608	1
1609	2
1610	2
1611	2
1612	4
1613	2
1614	2
1615	2
1616	2
1617	1
1618	1
1619	2
1620	2
1621	3
1622	2
1623	1
1624	2
1625	1
1626	1
1627	2
1628	1
1629	2
1630	2
1631	2
1632	2
1633	2
1634	1
1635	2
1636	1
1637	1
1638	2
1639	3
1640	1
1641	1
1642	2
1643	1
1644	2
1645	1
1646	1
1647	1
1648	4
1649	3
1650	1
1651	2
1652	1
1653	1
1654	2
1655	1
1656	2
1657	2
1658	2
1659	1
1660	2
1661	2
1662	2
1663	10
1664	3
1665	2
1666	2
1667	2
1668	2
1669	3
1670	3
1671	2
1672	2
1673	2
1674	3
1675	3
1676	2
1677	3
1678	3
1679	2
1680	3
1681	4
1682	3
1683	3
1684	3
1685	3
1686	2
1687	2
1688	4
1689	3
1690	2
1691	2
1692	4
1693	2
1694	2
1695	2
1696	3
1697	2
1698	2
1699	4
1700	2
1701	3
1702	2
1703	2
1704	2
1705	3
1706	2
1707	2
1708	3
1709	2
1710	2
1711	2
1712	2
1713	3
1714	2
1715	1
1716	1
1717	2
1718	1
1719	2
1720	1
1721	2
1722	4
1723	2
1724	2
1725	2
1726	1
1727	2
1728	2
1729	1
1730	2
1731	2
1732	3
1733	2
1734	2
1735	1
1736	2
1737	2
1738	2
1739	2
1740	2
1741	2
1742	1
1743	2
1744	4
1745	4
1746	3
1747	2
1748	1
1749	2
1750	1
1751	1
1752	3
1753	2
1754	2
1755	2
1756	2
1757	1
1758	1
1759	3
1760	1
1761	1
1762	2
1763	1
1764	2
1765	2
1766	2
1767	2
1768	2
1769	4
1770	5
1771	4
1772	2
1773	3
1774	3
1775	2
1776	3
1777	2
1778	3
1779	2
1780	2
1781	3
1782	2
1783	2
1784	3
1785	1
1786	2
1787	1
1788	1
1789	2
1790	1
1791	1
1792	1
1793	1
1794	1
1795	5
1796	31
1797	2
1798	1
1799	2
1800	1
1801	2
1802	2
1803	1
1804	2
1805	1
1806	3
1807	2
1808	1
1809	1
1810	1
1811	1
1812	3
1813	1
1814	2
1815	3
1816	1
1817	2
1818	1
1819	2
1820	1
1821	2
1822	1
1823	2
1824	3
1825	3
1826	3
1827	2
1828	2
1829	2
1830	2
1831	2
1832	3
1833	2
1834	2
1835	3
1836	2
1837	3
1838	2
1839	3
1840	2
1841	2
1842	2
1843	2
1844	2
1845	3
1846	2
1847	1
1848	1
1849	2
1850	2
1851	3
1852	3
1853	3
1854	3
1855	2
1856	3
1857	3
1858	3
1859	5
1860	4
1861	3
1862	2
1863	4
1864	3
1865	2
1866	3
1867	2
1868	3
1869	4
1870	5
1871	3
1872	3
1873	2
1874	3
1875	2
1876	1
1877	2
1878	1
1879	2
1880	1
1881	1
1882	1
1883	2
1884	1
1885	2
1886	2
1887	2
1888	1
1889	2
1890	1
1891	2
1892	1
1893	3
1894	2
1895	2
1896	1
1897	2
1898	1
1899	1
1900	1
1901	2
1902	2
1903	2
1904	2
1905	1
1906	2
1907	2
1908	3
1909	3
1910	3
1911	1
1912	2
1913	1
1914	2
1915	1
1916	2
1917	1
1918	2
1919	1
1920	2
1921	2
1922	2
1923	2
1924	2
1925	2
1926	2
1927	3
1928	3
1929	2
1930	3
1931	2
1932	3
1933	2
1934	3
1935	2
1936	2
1937	2
1938	2
1939	2
1940	3
1941	2
1942	2
1943	2
1944	2
1945	3
1946	3
1947	1
1948	2
1949	2
1950	3
1951	2
1952	3
1953	2
1954	2
1955	4
1956	2
1957	3
1958	2
1959	2
1960	3
1961	2
1962	1
1963	2
1964	8
1965	2
1966	2
1967	2
1968	2
1969	1
1970	2
1971	1
1972	1
1973	2
1974	2
1975	5
1976	5
1977	2
1978	2
1979	2
1980	3
1981	4
1982	2
1983	3
1984	2
1985	4
1986	2
1987	2
1988	2
1989	1
1990	2
1991	2
1992	1
1993	2
1994	3
1995	2
1996	1
1997	1
1998	2
1999	1
2000	1
2001	2
2002	3
2003	1
2004	2
2005	2
2006	1
2007	2
2008	2
2009	2
2010	3
2011	2
2012	2
2013	1
2014	2
2015	2
2016	1
2017	1
2018	2
2019	2
2020	1
2021	1
2022	1
2023	1
2024	2
2025	1
2026	2
2027	1
2028	2
2029	2
2030	2
2031	2
2032	1
2033	2
2034	1
2035	2
2036	1
2037	2
2038	3
2039	2
2040	2
2041	2
2042	2
2043	2
2044	2
2045	1
2046	3
2047	1
2048	2
2049	1
2050	2
2051	1
2052	2
2053	2
2054	2
2055	2
2056	4
2057	3
2058	2
2059	2
2060	3
2061	3
2062	3
2063	2
2064	2
2065	2
2066	2
2067	3
2068	5
2069	3
2070	3
2071	2
2072	3
2073	3
2074	2
2075	2
2076	2
2077	2
2078	3
2079	5
2080	2
2081	1
2082	1
2083	1
2084	1
2085	1
2086	1
2087	1
2088	2
2089	2
2090	2
2091	2
2092	2
2093	3
2094	2
2095	2
2096	3
2097	2
2098	2
2099	2
2100	2
2101	2
2102	3
2103	2
2104	2
2105	2
2106	2
2107	3
2108	4
2109	2
2110	2
2111	2
2112	2
2113	2
2114	2
2115	2
2116	2
2117	2
2118	2
2119	3
2120	2
2121	2
2122	2
2123	3
2124	3
2125	3
2126	3
2127	2
2128	2
2129	3
2130	6
2131	2
2132	2
2133	2
2134	1
2135	3
2136	1
2137	2
2138	2
2139	1
2140	2
2141	2
2142	1
2143	2
2144	2
2145	2
2146	2
2147	1
2148	1
2149	2
2150	1
2151	2
2152	1
2153	2
2154	3
2155	1
2156	1
2157	2
2158	1
2159	2
2160	2
2161	3
2162	3
2163	4
2164	2
2165	3
2166	2
2167	4
2168	5
2169	3
2170	2
2171	2
2172	1
2173	2
2174	2
2175	3
2176	2
2177	2
2178	1
2179	3
2180	2
2181	4
2182	2
2183	2
2184	3
2185	3
2186	2
2187	3
2188	4
2189	2
2190	1
2191	2
2192	1
2193	1
2194	1
2195	2
2196	2
2197	1
2198	2
2199	2
2200	2
2201	1
2202	1
2203	2
2204	3
2205	4
2206	4
2207	2
2208	1
2209	2
2210	1
2211	4
2212	3
2213	1
2214	1
2215	2
2216	1
2217	2
2218	1
2219	2
2220	3
2221	1
2222	2
2223	1
2224	2
2225	1
2226	2
2227	1
2228	2
2229	1
2230	2
2231	3
2232	2
2233	1
2234	2
2235	1
2236	1
2237	2
2238	1
2239	3
2240	2
2241	2
2242	2
2243	1
2244	2
2245	1
2246	5
2247	2
2248	2
2249	2
2250	2
2251	2
2252	2
2253	2
2254	2
2255	2
2256	2
2257	2
2258	2
2259	2
2260	3
2261	2
2262	2
2263	2
2264	1
2265	3
2266	2
2267	3
2268	2
2269	2
2270	3
2271	4
2272	2
2273	4
2274	2
2275	2
2276	2
2277	3
2278	3
2279	2
2280	2
2281	3
2282	2
2283	2
2284	2
2285	1
2286	2
2287	2
2288	4
2289	5
2290	3
2291	2
2292	1
2293	5
2294	6
2295	4
2296	1
2297	5
2298	3
2299	1
2300	2
2301	1
2302	2
2303	1
2304	2
2305	2
2306	2
2307	2
2308	2
2309	1
2310	1
2311	2
2312	2
2313	1
2314	4
2315	1
2316	2
2317	1
2318	2
2319	2
2320	2
2321	2
2322	2
2323	2
2324	1
2325	1
2326	2
2327	1
2328	2
2329	1
2330	1
2331	3
2332	2
2333	1
2334	2
2335	2
2336	1
2337	2
2338	1
2339	1
2340	2
2341	2
2342	2
2343	2
2344	1
2345	2
2346	2
2347	1
2348	2
2349	2
2350	3
2351	2
2352	2
2353	1
2354	3
2355	1
2356	1
2357	2
2358	3
2359	1
2360	2
2361	1
2362	1
2363	2
2364	1
2365	2
2366	1
2367	2
2368	1
2369	2
2370	1
2371	2
2372	1
2373	2
2374	1
2375	3
2376	2
2377	2
2378	2
2379	2
2380	2
2381	2
2382	2
2383	3
2384	1
2385	4
2386	6
2387	2
2388	2
2389	2
2390	4
2391	1
2392	1
2393	2
2394	1
2395	2
2396	1
2397	2
2398	2
2399	1
2400	4
2401	2
2402	1
2403	2
2404	1
2405	3
2406	2
2407	5
2408	3
2409	2
2410	2
2411	2
2412	3
2413	2
2414	3
2415	3
2416	2
2417	1
2418	2
2419	1
2420	2
2421	3
2422	1
2423	2
2424	2
2425	3
2426	2
2427	1
2428	1
2429	2
2430	7
2431	1
2432	1
2433	2
2434	1
2435	4
2436	1
2437	2
2438	2
2439	1
2440	2
2441	1
2442	4
2443	1
2444	1
2445	2
2446	2
2447	1
2448	2
2449	1
2450	1
2451	1
2452	2
2453	1
2454	2
2455	1
2456	2
2457	1
2458	1
2459	2
2460	1
2461	2
2462	2
2463	4
2464	2
2465	1
2466	2
2467	1
2468	2
2469	1
2470	1
2471	4
2472	4
2473	2
2474	2
2475	2
2476	2
2477	4
2478	2
2479	2
2480	2
2481	2
2482	3
2483	2
2484	2
2485	2
2486	2
2487	1
2488	2
2489	2
2490	1
2491	3
2492	2
2493	1
2494	2
2495	2
2496	3
2497	2
2498	5
2499	7
2500	2
2501	2
2502	7
2503	2
2504	3
2505	2
2506	2
2507	4
2508	3
2509	2
2510	2
2511	3
2512	2
2513	4
2514	2
2515	1
2516	1
2517	2
2518	3
2519	2
2520	3
2521	2
2522	1
2523	1
2524	1
2525	2
2526	1
2527	2
2528	1
2529	2
2530	1
2531	4
2532	3
2533	2
2534	2
2535	2
2536	4
2537	3
2538	3
2539	2
2540	2
2541	2
2542	4
2543	2
2544	3
2545	3
2546	2
2547	2
2548	3
2549	2
2550	2
2551	1
2552	1
2553	1
2554	2
2555	2
2556	2
2557	2
2558	2
2559	3
2560	2
2561	2
2562	2
2563	2
2564	4
2565	2
2566	2
2567	4
2568	2
2569	4
2570	5
2571	3
2572	1
2573	3
2574	1
2575	4
2576	1
2577	2
2578	1
2579	2
2580	1
2581	2
2582	1
2583	3
2584	4
2585	1
2586	2
2587	2
2588	2
2589	1
2590	2
2591	2
2592	1
2593	2
2594	2
2595	1
2596	2
2597	2
2598	1
2599	2
2600	1
2601	2
2602	2
2603	2
2604	3
2605	2
2606	3
2607	1
2608	2
2609	1
2610	7
2611	4
2612	2
2613	2
2614	1
2615	4
2616	2
2617	1
2618	2
2619	2
2620	1
2621	2
2622	1
2623	2
2624	1
2625	2
2626	2
2627	2
2628	2
2629	2
2630	1
2631	3
2632	4
2633	2
2634	1
2635	1
2636	2
2637	1
2638	2
2639	3
2640	4
2641	1
2642	2
2643	2
2644	3
2645	4
2646	1
2647	3
2648	2
2649	1
2650	2
2651	2
2652	1
2653	2
2654	2
2655	1
2656	2
2657	1
2658	1
2659	2
2660	1
2661	2
2662	1
2663	1
2664	2
2665	3
2666	1
2667	1
2668	1
2669	1
2670	1
2671	1
2672	1
2673	3
2674	2
2675	3
2676	4
2677	2
2678	2
2679	4
2680	5
2681	2
2682	3
2683	2
2684	3
2685	1
2686	2
2687	1
2688	1
2689	2
2690	1
2691	2
2692	1
2693	2
2694	2
2695	2
2696	2
2697	1
2698	2
2699	2
2700	1
2701	2
2702	2
2703	4
2704	2
2705	3
2706	2
2707	2
2708	2
2709	1
2710	3
2711	2
2712	2
2713	2
2714	3
2715	4
2716	3
2717	3
2718	2
2719	2
2720	2
2721	4
2722	4
2723	2
2724	2
2725	2
2726	4
2727	2
2728	2
2729	2
2730	2
2731	2
2732	5
2733	2
2734	1
2735	4
2736	3
2737	4
2738	5
2739	2
2740	2
2741	2
2742	2
2743	2
2744	2
2745	2
2746	2
2747	3
2748	2
2749	2
2750	2
2751	2
2752	3
2753	2
2754	2
2755	2
2756	1
2757	2
2758	4
2759	2
2760	2
2761	2
2762	2
2763	2
2764	1
2765	2
2766	3
2767	2
2768	2
2769	1
2770	2
2771	2
2772	1
2773	2
2774	1
2775	2
2776	1
2777	1
2778	1
2779	1
2780	1
2781	1
2782	1
2783	1
2784	2
2785	1
2786	2
2787	1
2788	2
2789	2
2790	2
2791	2
2792	2
2793	1
2794	2
2795	2
2796	3
2797	2
2798	2
2799	1
2800	2
2801	2
2802	1
2803	2
2804	2
2805	3
2806	2
2807	1
2808	2
2809	2
2810	1
2811	2
2812	2
2813	4
2814	2
2815	2
2816	2
2817	2
2818	2
2819	3
2820	3
2821	4
2822	4
2823	2
2824	2
2825	8
2826	3
2827	2
2828	2
2829	2
2830	4
2831	3
2832	34
2833	3
2834	1
2835	1
2836	2
2837	1
2838	4
2839	2
2840	2
2841	2
2842	2
2843	2
2844	1
2845	3
2846	3
2847	2
2848	2
2849	3
2850	4
2851	2
2852	2
2853	8
2854	1
2855	2
2856	4
2857	2
2858	1
2859	1
2860	1
2861	1
2862	1
2863	4
2864	1
2865	2
2866	1
2867	1
2868	2
2869	1
2870	3
2871	1
2872	2
2873	3
2874	2
2875	2
2876	1
2877	2
2878	1
2879	2
2880	1
2881	3
2882	2
2883	1
2884	2
2885	2
2886	1
2887	3
2888	2
2889	3
2890	2
2891	1
2892	1
2893	2
2894	3
2895	2
2896	2
2897	2
2898	2
2899	2
2900	3
2901	2
2902	2
2903	2
2904	1
2905	2
2906	2
2907	5
2908	3
2909	3
2910	2
2911	4
2912	7
2913	2
2914	2
2915	4
2916	2
2917	3
2918	2
2919	2
2920	2
2921	2
2922	3
2923	2
2924	2
2925	9
2926	2
2927	7
2928	3
2929	1
2930	1
2931	4
2932	5
2933	2
2934	2
2935	1
2936	2
2937	3
2938	1
2939	2
2940	1
2941	2
2942	1
2943	2
2944	2
2945	2
2946	3
2947	1
2948	2
2949	1
2950	2
2951	1
2952	2
2953	1
2954	2
2955	3
2956	2
2957	1
2958	2
2959	1
2960	2
2961	1
2962	2
2963	1
2964	2
2965	2
2966	3
2967	2
2968	1
2969	2
2970	1
2971	2
2972	1
2973	1
2974	3
2975	2
2976	1
2977	1
2978	2
2979	2
2980	1
2981	3
2982	3
2983	1
2984	2
2985	1
2986	2
2987	1
2988	2
2989	1
2990	2
2991	1
2992	2
2993	1
2994	1
2995	1
2996	1
2997	1
2998	1
2999	1
3000	1
3001	1
3002	2
3003	1
3004	1
3005	2
3006	3
3007	3
3008	3
3009	2
3010	4
3011	4
3012	2
3013	6
3014	3
3015	3
3016	2
3017	2
3018	3
3019	3
3020	2
3021	3
3022	3
3023	2
3024	1
3025	2
3026	1
3027	2
3028	2
3029	4
3030	4
3031	4
3032	3
3033	4
3034	3
3035	2
3036	2
3037	2
3038	2
3039	4
3040	2
3041	2
3042	2
3043	2
3044	2
3045	1
3046	2
3047	3
3048	2
3049	3
3050	2
3051	2
3052	2
3053	3
3054	3
3055	1
3056	2
3057	3
3058	3
3059	3
3060	2
3061	2
3062	1
3063	2
3064	1
3065	1
3066	2
3067	2
3068	2
3069	1
3070	4
3071	3
3072	1
3073	1
3074	2
3075	1
3076	1
3077	2
3078	1
3079	2
3080	2
3081	1
3082	2
3083	1
3084	2
3085	3
3086	2
3087	3
3088	2
3089	2
3090	1
3091	3
3092	1
3093	3
3094	1
3095	2
3096	2
3097	1
3098	2
3099	2
3100	1
3101	2
3102	1
3103	4
3104	1
3105	2
3106	1
3107	2
3108	1
3109	2
3110	4
3111	2
3112	2
3113	2
3114	3
3115	2
3116	5
3117	2
3118	2
3119	2
3120	2
3121	2
3122	2
3123	3
3124	2
3125	1
3126	1
3127	2
3128	2
3129	2
3130	2
3131	2
3132	4
3133	3
3134	3
3135	2
3136	2
3137	3
3138	4
3139	4
3140	3
3141	2
3142	3
3143	2
3144	2
3145	2
3146	2
3147	2
3148	2
3149	3
3150	2
3151	2
3152	2
3153	3
3154	2
3155	2
3156	2
3157	2
3158	3
3159	2
3160	3
3161	2
3162	2
3163	1
3164	5
3165	5
3166	2
3167	1
3168	2
3169	3
3170	2
3171	1
3172	2
3173	1
3174	2
3175	1
3176	1
3177	1
3178	1
3179	2
3180	1
3181	1
3182	1
3183	2
3184	1
3185	2
3186	1
3187	2
3188	1
3189	2
3190	1
3191	2
3192	1
3193	1
3194	1
3195	2
3196	1
3197	2
3198	1
3199	2
3200	3
3201	2
3202	2
3203	1
3204	2
3205	1
3206	2
3207	1
3208	3
3209	2
3210	1
3211	3
3212	1
3213	2
3214	1
3215	4
3216	3
3217	2
3218	2
3219	2
3220	3
3221	2
3222	2
3223	3
3224	2
3225	3
3226	2
3227	2
3228	2
3229	3
3230	3
3231	2
3232	3
3233	2
3234	2
3235	1
3236	3
3237	3
3238	2
3239	4
3240	2
3241	3
3242	4
3243	4
3244	2
3245	3
3246	3
3247	2
3248	2
3249	2
3250	1
3251	1
3252	2
3253	1
3254	2
3255	1
3256	2
3257	2
3258	2
3259	1
3260	1
3261	2
3262	1
3263	2
3264	1
3265	2
3266	3
3267	2
3268	2
3269	1
3270	3
3271	2
3272	2
3273	4
3274	2
3275	2
3276	3
3277	2
3278	2
3279	3
3280	3
3281	2
3282	2
3283	2
3284	3
3285	2
3286	4
3287	5
3288	2
3289	2
3290	1
3291	2
3292	1
3293	2
3294	2
3295	2
3296	2
3297	1
3298	2
3299	1
3300	2
3301	1
3302	2
3303	1
3304	4
3305	1
3306	2
3307	1
3308	2
3309	2
3310	3
3311	1
3312	4
3313	2
3314	2
3315	1
3316	1
3317	2
3318	1
3319	2
3320	2
3321	2
3322	1
3323	2
3324	1
3325	2
3326	2
3327	1
3328	2
3329	1
3330	2
3331	2
3332	3
3333	2
3334	2
3335	3
3336	2
3337	2
3338	2
3339	4
3340	2
3341	2
3342	2
3343	5
3344	2
3345	2
3346	3
3347	2
3348	2
3349	3
3350	3
3351	2
3352	4
3353	3
3354	2
3355	1
3356	1
3357	2
3358	4
3359	3
3360	1
3361	2
3362	1
3363	1
3364	4
3365	3
3366	1
3367	2
3368	1
3369	2
3370	1
3371	2
3372	1
3373	3
3374	2
3375	2
3376	2
3377	3
3378	2
3379	5
3380	1
3381	2
3382	1
3383	2
3384	1
3385	1
3386	3
3387	2
3388	1
3389	2
3390	1
3391	1
3392	2
3393	1
3394	2
3395	1
3396	1
3397	1
3398	1
3399	3
3400	2
3401	1
3402	2
3403	1
3404	1
3405	2
3406	1
3407	3
3408	1
3409	1
3410	1
3411	3
3412	2
3413	1
3414	1
3415	2
3416	3
3417	2
3418	1
3419	2
3420	2
3421	1
3422	2
3423	2
3424	1
3425	2
3426	1
3427	2
3428	1
3429	1
3430	2
3431	2
3432	2
3433	4
3434	4
3435	2
3436	3
3437	2
3438	4
3439	3
3440	4
3441	2
3442	3
3443	5
3444	4
3445	2
3446	2
3447	2
3448	2
3449	2
3450	2
3451	2
3452	3
3453	2
3454	3
3455	5
3456	4
3457	2
3458	1
3459	2
3460	3
3461	2
3462	2
3463	2
3464	2
3465	1
3466	2
3467	2
3468	1
3469	2
3470	3
3471	2
3472	1
3473	2
3474	1
3475	2
3476	2
3477	1
3478	3
3479	1
3480	2
3481	1
3482	2
3483	1
3484	2
3485	1
3486	2
3487	1
3488	2
3489	1
3490	2
3491	1
3492	2
3493	1
3494	2
3495	1
3496	3
3497	1
3498	2
3499	1
3500	2
3501	2
3502	1
3503	2
3504	1
3505	2
3506	1
3507	2
3508	1
3509	4
3510	2
3511	3
3512	2
3513	2
3514	2
3515	4
3516	2
3517	2
3518	2
3519	1
3520	2
3521	1
3522	1
3523	2
3524	1
3525	1
3526	2
3527	1
3528	2
3529	1
3530	2
3531	2
3532	1
3533	3
3534	2
3535	3
3536	2
3537	3
3538	2
3539	3
3540	4
3541	5
3542	3
3543	2
3544	2
3545	4
3546	2
3547	2
3548	2
3549	3
3550	4
3551	4
3552	2
3553	4
3554	3
3555	2
3556	2
3557	1
3558	1
3559	4
3560	1
3561	2
3562	2
3563	1
3564	2
3565	2
3566	3
3567	2
3568	1
3569	2
3570	2
3571	2
3572	1
3573	3
3574	2
3575	2
3576	2
3577	8
3578	3
3579	2
3580	1
3581	1
3582	2
3583	1
3584	1
3585	2
3586	3
3587	3
3588	2
3589	2
3590	2
3591	4
3592	3
3593	3
3594	2
3595	2
3596	2
3597	2
3598	2
3599	2
3600	2
3601	2
3602	3
3603	2
3604	2
3605	2
3606	2
3607	3
3608	2
3609	2
3610	1
3611	2
3612	1
3613	2
3614	1
3615	2
3616	3
3617	2
3618	1
3619	3
3620	2
3621	1
3622	1
3623	2
3624	3
3625	2
3626	1
3627	2
3628	1
3629	2
3630	1
3631	1
3632	2
3633	2
3634	1
3635	2
3636	5
3637	2
3638	2
3639	1
3640	5
3641	5
3642	3
3643	2
3644	4
3645	6
3646	2
3647	3
3648	2
3649	2
3650	3
3651	2
3652	2
3653	2
3654	2
3655	2
3656	3
3657	3
3658	2
3659	1
3660	2
3661	3
3662	2
3663	3
3664	3
3665	5
3666	2
3667	1
3668	1
3669	1
3670	3
3671	2
3672	2
3673	2
3674	1
3675	2
3676	1
3677	2
3678	1
3679	3
3680	3
3681	3
3682	3
3683	3
3684	3
3685	3
3686	3
3687	2
3688	2
3689	2
3690	2
3691	2
3692	2
3693	2
3694	2
3695	2
3696	2
3697	2
3698	3
3699	2
3700	3
3701	2
3702	2
3703	2
3704	2
3705	2
3706	4
3707	3
3708	2
3709	3
3710	2
3711	2
3712	4
3713	2
3714	1
3715	1
3716	1
3717	3
3718	1
3719	1
3720	1
3721	3
3722	2
3723	2
3724	2
3725	1
3726	2
3727	1
3728	2
3729	1
3730	1
3731	1
3732	2
3733	2
3734	1
3735	2
3736	3
3737	3
3738	3
3739	47
3740	3
3741	2
3742	2
3743	2
3744	2
3745	2
3746	2
3747	3
3748	6
3749	3
3750	2
3751	1
3752	2
3753	3
3754	2
3755	5
3756	1
3757	1
3758	2
3759	3
3760	1
3761	2
3762	1
3763	2
3764	1
3765	1
3766	2
3767	1
3768	2
3769	2
3770	1
3771	2
3772	1
3773	1
3774	2
3775	1
3776	2
3777	2
3778	2
3779	3
3780	1
3781	2
3782	1
3783	2
3784	2
3785	2
3786	4
3787	2
3788	1
3789	2
3790	1
3791	1
3792	2
3793	1
3794	3
3795	1
3796	2
3797	1
3798	2
3799	1
3800	2
3801	1
3802	2
3803	1
3804	2
3805	2
3806	1
3807	2
3808	1
3809	1
3810	1
3811	1
3812	2
3813	2
3814	3
3815	1
3816	4
3817	2
3818	1
3819	2
3820	1
3821	2
3822	2
3823	2
3824	2
3825	1
3826	2
3827	1
3828	1
3829	2
3830	1
3831	4
3832	2
3833	3
3834	1
3835	4
3836	2
3837	3
3838	3
3839	4
3840	2
3841	1
3842	1
3843	2
3844	4
3845	2
3846	1
3847	2
3848	1
3849	2
3850	3
3851	3
3852	3
3853	2
3854	2
3855	2
3856	1
3857	2
3858	2
3859	3
3860	3
3861	3
3862	2
3863	2
3864	1
3865	2
3866	4
3867	2
3868	2
3869	2
3870	2
3871	2
3872	2
3873	3
3874	3
3875	2
3876	2
3877	2
3878	2
3879	2
3880	3
3881	3
3882	2
3883	3
3884	2
3885	3
3886	4
3887	2
3888	2
3889	3
3890	2
3891	2
3892	4
3893	2
3894	2
3895	3
3896	2
3897	2
3898	2
3899	3
3900	3
3901	2
3902	2
3903	2
3904	1
3905	11
3906	2
3907	3
3908	2
3909	4
3910	2
3911	2
3912	2
3913	2
3914	2
3915	2
3916	3
3917	2
3918	2
3919	2
3920	2
3921	1
3922	1
3923	2
3924	2
3925	2
3926	1
3927	2
3928	1
3929	1
3930	2
3931	1
3932	2
3933	3
3934	1
3935	3
3936	2
3937	1
3938	1
3939	1
3940	1
3941	1
3942	3
3943	1
3944	4
3945	1
3946	2
3947	1
3948	1
3949	2
3950	1
3951	2
3952	5
3953	3
3954	2
3955	2
3956	4
3957	3
3958	2
3959	2
3960	4
3961	2
3962	3
3963	2
3964	2
3965	2
3966	2
3967	2
3968	2
3969	3
3970	2
3971	2
3972	2
3973	4
3974	4
3975	3
3976	4
3977	5
3978	2
3979	4
3980	2
3981	1
3982	2
3983	1
3984	2
3985	3
3986	1
3987	1
3988	3
3989	2
3990	1
3991	2
3992	1
3993	1
3994	1
3995	1
3996	1
3997	2
3998	2
3999	1
4000	1
4001	1
4002	2
4003	1
4004	1
4005	1
4006	1
4007	1
4008	2
4009	1
4010	2
4011	2
4012	1
4013	2
4014	2
4015	1
4016	2
4017	1
4018	3
4019	1
4020	3
4021	2
4022	2
4023	2
4024	1
4025	2
4026	2
4027	2
4028	1
4029	2
4030	1
4031	2
4032	1
4033	2
4034	2
4035	2
4036	1
4037	2
4038	2
4039	1
4040	2
4041	1
4042	2
4043	1
4044	2
4045	1
4046	2
4047	2
4048	2
4049	2
4050	2
4051	1
4052	1
4053	2
4054	1
4055	2
4056	3
4057	3
4058	2
4059	3
4060	2
4061	4
4062	6
4063	4
4064	2
4065	3
4066	4
4067	2
4068	3
4069	2
4070	2
4071	3
4072	2
4073	1
4074	2
4075	2
4076	2
4077	2
4078	3
4079	2
4080	2
4081	2
4082	3
4083	4
4084	3
4085	2
4086	4
4087	3
4088	3
4089	2
4090	2
4091	2
4092	1
4093	3
4094	1
4095	2
4096	2
4097	1
4098	2
4099	3
4100	3
4101	1
4102	1
4103	2
4104	1
4105	2
4106	1
4107	2
4108	2
4109	1
4110	1
4111	2
4112	2
4113	1
4114	1
4115	1
4116	2
4117	1
4118	2
4119	3
4120	2
4121	2
4122	1
4123	2
4124	1
4125	2
4126	1
4127	2
4128	2
4129	5
4130	2
4131	2
4132	1
4133	2
4134	1
4135	2
4136	3
4137	1
4138	2
4139	1
4140	2
4141	1
4142	1
4143	2
4144	2
4145	4
4146	1
4147	1
4148	2
4149	2
4150	2
4151	1
4152	2
4153	1
4154	2
4155	3
4156	1
4157	1
4158	2
4159	1
4160	1
4161	2
4162	4
4163	3
4164	2
4165	2
4166	4
4167	2
4168	3
4169	3
4170	2
4171	2
4172	2
4173	2
4174	2
4175	3
4176	4
4177	2
4178	2
4179	3
4180	3
4181	3
4182	2
4183	1
4184	2
4185	1
4186	2
4187	8
4188	5
4189	2
4190	1
4191	3
4192	1
4193	2
4194	1
4195	2
4196	2
4197	2
4198	2
4199	2
4200	3
4201	2
4202	2
4203	2
4204	2
4205	2
4206	4
4207	2
4208	2
4209	2
4210	3
4211	2
4212	4
4213	3
4214	2
4215	2
4216	3
4217	2
4218	3
4219	2
4220	1
4221	2
4222	1
4223	1
4224	2
4225	1
4226	2
4227	1
4228	1
4229	3
4230	2
4231	2
4232	2
4233	2
4234	14
4235	3
4236	2
4237	4
4238	2
4239	2
4240	3
4241	2
4242	2
4243	2
4244	3
4245	2
4246	2
4247	2
4248	1
4249	2
4250	1
4251	2
4252	1
4253	2
4254	1
4255	4
4256	2
4257	2
4258	1
4259	2
4260	1
4261	2
4262	1
4263	3
4264	3
4265	2
4266	1
4267	1
4268	2
4269	2
4270	4
4271	2
4272	3
4273	5
4274	2
4275	4
4276	2
4277	2
4278	2
4279	2
4280	2
4281	4
4282	2
4283	2
4284	2
4285	4
4286	3
4287	3
4288	1
4289	2
4290	2
4291	2
4292	2
4293	1
4294	1
4295	2
4296	2
4297	1
4298	2
4299	1
4300	2
4301	1
4302	1
4303	1
4304	1
4305	2
4306	2
4307	2
4308	2
4309	1
4310	2
4311	1
4312	2
4313	1
4314	1
4315	3
4316	2
4317	1
4318	2
4319	1
4320	2
4321	1
4322	1
4323	2
4324	3
4325	2
4326	1
4327	2
4328	1
4329	3
4330	1
4331	2
4332	4
4333	2
4334	3
4335	2
4336	2
4337	1
4338	1
4339	1
4340	2
4341	2
4342	2
4343	2
4344	1
4345	2
4346	1
4347	1
4348	1
4349	1
4350	1
4351	3
4352	2
4353	2
4354	2
4355	2
4356	1
4357	3
4358	2
4359	2
4360	1
4361	2
4362	1
4363	2
4364	1
4365	3
4366	1
4367	2
4368	2
4369	1
4370	9
4371	6
4372	2
4373	2
4374	2
4375	1
4376	2
4377	1
4378	1
4379	6
4380	2
4381	3
4382	2
4383	1
4384	2
4385	4
4386	1
4387	2
4388	2
4389	1
4390	2
4391	1
4392	3
4393	2
4394	3
4395	2
4396	2
4397	2
4398	2
4399	1
4400	2
4401	1
4402	3
4403	1
4404	2
4405	1
4406	2
4407	1
4408	2
4409	1
4410	2
4411	1
4412	2
4413	2
4414	2
4415	2
4416	2
4417	2
4418	1
4419	1
4420	2
4421	2
4422	3
4423	3
4424	2
4425	2
4426	2
4427	1
4428	4
4429	1
4430	2
4431	2
4432	1
4433	2
4434	1
4435	2
4436	1
4437	2
4438	1
4439	3
4440	1
4441	2
4442	1
4443	3
4444	2
4445	2
4446	2
4447	3
4448	3
4449	2
4450	2
4451	3
4452	2
4453	3
4454	2
4455	2
4456	2
4457	3
4458	2
4459	2
4460	3
4461	2
4462	2
4463	2
4464	2
4465	2
4466	2
4467	2
4468	1
4469	2
4470	1
4471	2
4472	1
4473	1
4474	1
4475	2
4476	4
4477	2
4478	2
4479	2
4480	4
4481	5
4482	5
4483	4
4484	2
4485	2
4486	2
4487	2
4488	4
4489	3
4490	1
4491	1
4492	2
4493	2
4494	3
4495	3
4496	2
4497	2
4498	2
4499	1
4500	2
4501	4
4502	2
4503	2
4504	2
4505	2
4506	3
4507	2
4508	3
4509	2
4510	2
4511	1
4512	2
4513	3
4514	2
4515	3
4516	2
4517	2
4518	2
4519	2
4520	2
4521	2
4522	2
4523	2
4524	2
4525	2
4526	2
4527	1
4528	1
4529	2
4530	1
4531	2
4532	4
4533	2
4534	3
4535	2
4536	1
4537	1
4538	4
4539	2
4540	1
4541	2
4542	1
4543	2
4544	1
4545	1
4546	1
4547	2
4548	2
4549	2
4550	3
4551	1
4552	2
4553	2
4554	1
4555	2
4556	1
4557	3
4558	2
4559	1
4560	11
4561	2
4562	2
4563	1
4564	1
4565	2
4566	2
4567	1
4568	2
4569	1
4570	3
4571	1
4572	2
4573	2
4574	1
4575	2
4576	2
4577	2
4578	2
4579	3
4580	2
4581	2
4582	1
4583	2
4584	1
4585	2
4586	3
4587	4
4588	2
4589	2
4590	2
4591	2
4592	5
4593	6
4594	2
4595	1
4596	2
4597	3
4598	5
4599	4
4600	2
4601	2
4602	4
4603	2
4604	2
4605	2
4606	2
4607	2
4608	2
4609	1
4610	2
4611	2
4612	1
4613	2
4614	1
4615	1
4616	2
4617	1
4618	2
4619	1
4620	2
4621	29
4622	1
4623	1
4624	4
4625	1
4626	2
4627	2
4628	1
4629	2
4630	1
4631	1
4632	5
4633	2
4634	2
4635	3
4636	2
4637	2
4638	2
4639	3
4640	2
4641	2
4642	2
4643	2
4644	2
4645	2
4646	2
4647	2
4648	2
4649	3
4650	1
4651	1
4652	2
4653	1
4654	2
4655	3
4656	2
4657	2
4658	3
4659	2
4660	2
4661	1
4662	3
4663	3
4664	3
4665	2
4666	1
4667	2
4668	2
4669	1
4670	2
4671	2
4672	1
4673	2
4674	2
4675	1
4676	2
4677	1
4678	2
4679	2
4680	2
4681	3
4682	2
4683	2
4684	1
4685	2
4686	2
4687	1
4688	4
4689	2
4690	2
4691	1
4692	2
4693	1
4694	2
4695	2
4696	3
4697	1
4698	1
4699	1
4700	2
4701	2
4702	1
4703	2
4704	2
4705	3
4706	2
4707	3
4708	2
4709	2
4710	2
4711	1
4712	2
4713	3
4714	3
4715	2
4716	1
4717	2
4718	1
4719	2
4720	3
4721	3
4722	2
4723	1
4724	2
4725	2
4726	1
4727	2
4728	2
4729	1
4730	2
4731	3
4732	1
4733	2
4734	1
4735	2
4736	1
4737	2
4738	1
4739	2
4740	1
4741	3
4742	2
4743	1
4744	2
4745	2
4746	1
4747	1
4748	1
4749	3
4750	2
4751	1
4752	1
4753	2
4754	2
4755	2
4756	1
4757	1
4758	3
4759	2
4760	1
4761	2
4762	2
4763	1
4764	2
4765	1
4766	2
4767	1
4768	3
4769	2
4770	1
4771	1
4772	2
4773	1
4774	2
4775	1
4776	2
4777	1
4778	1
4779	3
4780	4
4781	3
4782	2
4783	2
4784	3
4785	3
4786	3
4787	2
4788	2
4789	2
4790	2
4791	3
4792	2
4793	1
4794	2
4795	2
4796	1
4797	2
4798	2
4799	2
4800	3
4801	2
4802	2
4803	2
4804	2
4805	4
4806	4
4807	2
4808	3
4809	3
4810	2
4811	2
4812	3
4813	2
4814	2
4815	3
4816	2
4817	2
4818	2
4819	2
4820	2
4821	1
4822	2
4823	3
4824	2
4825	3
4826	4
4827	5
4828	2
4829	2
4830	2
4831	3
4832	2
4833	2
4834	1
4835	2
4836	2
4837	2
4838	1
4839	2
4840	3
4841	4
4842	2
4843	2
4844	2
4845	2
4846	3
4847	2
4848	2
4849	2
4850	2
4851	2
4852	2
4853	2
4854	3
4855	2
4856	3
4857	2
4858	2
4859	2
4860	1
4861	1
4862	2
4863	1
4864	2
4865	3
4866	2
4867	2
4868	2
4869	2
4870	2
4871	2
4872	1
4873	2
4874	1
4875	2
4876	2
4877	1
4878	3
4879	2
4880	2
4881	1
4882	1
4883	1
4884	1
4885	2
4886	1
4887	2
4888	3
4889	1
4890	1
4891	2
4892	1
4893	1
4894	2
4895	2
4896	5
4897	4
4898	13
4899	2
4900	2
4901	1
4902	2
4903	2
4904	1
4905	2
4906	2
4907	3
4908	1
4909	1
4910	1
4911	1
4912	2
4913	2
4914	5
4915	3
4916	3
4917	5
4918	3
4919	2
4920	2
4921	2
4922	2
4923	2
4924	2
4925	2
4926	2
4927	2
4928	2
4929	2
4930	2
4931	3
4932	2
4933	3
4934	3
4935	2
4936	2
4937	2
4938	2
4939	4
4940	2
4941	3
4942	2
4943	3
4944	2
4945	3
4946	2
4947	5
4948	3
4949	2
4950	2
4951	3
4952	4
4953	3
4954	2
4955	2
4956	2
4957	4
4958	2
4959	2
4960	1
4961	2
4962	2
4963	1
4964	2
4965	2
4966	4
4967	1
4968	2
4969	1
4970	2
4971	1
4972	2
4973	1
4974	1
4975	2
4976	1
4977	1
4978	1
4979	2
4980	1
4981	2
4982	1
4983	2
4984	1
4985	1
4986	2
4987	4
4988	2
4989	1
4990	2
4991	1
4992	2
4993	1
4994	2
4995	1
4996	3
4997	2
4998	1
4999	1
5000	2
5001	3
5002	2
5003	1
5004	3
5005	2
5006	2
5007	1
5008	2
5009	1
5010	2
5011	1
5012	2
5013	1
5014	1
5015	2
5016	1
5017	2
5018	1
5019	2
5020	1
5021	2
5022	1
5023	2
5024	2
5025	2
5026	2
5027	2
5028	1
5029	2
5030	1
5031	2
5032	4
5033	3
5034	3
5035	2
5036	2
5037	2
5038	2
5039	3
5040	1
5041	2
5042	1
5043	2
5044	2
5045	3
5046	2
5047	3
5048	3
5049	2
5050	2
5051	3
5052	8
5053	1
5054	2
5055	1
5056	2
5057	1
5058	3
5059	4
5060	3
5061	2
5062	1
5063	2
5064	1
5065	2
5066	3
5067	2
5068	1
5069	2
5070	1
5071	2
5072	1
5073	2
5074	2
5075	1
5076	4
5077	2
5078	1
5079	2
5080	1
5081	1
5082	2
5083	1
5084	2
5085	4
5086	2
5087	2
5088	3
5089	2
5090	2
5091	4
5092	2
5093	2
5094	2
5095	2
5096	2
5097	3
5098	2
5099	1
5100	2
5101	2
5102	2
5103	2
5104	2
5105	2
5106	3
5107	3
5108	2
5109	2
5110	2
5111	2
5112	3
5113	4
5114	3
5115	2
5116	2
5117	2
5118	2
5119	3
5120	2
5121	2
5122	2
5123	2
5124	2
5125	2
5126	3
5127	2
5128	2
5129	2
5130	1
5131	2
5132	2
5133	2
5134	5
5135	7
5136	5
5137	5
5138	2
5139	3
5140	2
5141	2
5142	3
5143	2
5144	4
5145	1
5146	2
5147	1
5148	1
5149	2
5150	2
5151	6
5152	2
5153	2
5154	1
5155	1
5156	4
5157	1
5158	2
5159	1
5160	2
5161	3
5162	2
5163	1
5164	4
5165	1
5166	2
5167	2
5168	1
5169	2
5170	2
5171	2
5172	2
5173	2
5174	1
5175	2
5176	1
5177	2
5178	2
5179	2
5180	2
5181	2
5182	3
5183	3
5184	2
5185	2
5186	2
5187	3
5188	2
5189	4
5190	3
5191	2
5192	3
5193	2
5194	2
5195	4
5196	2
5197	2
5198	2
5199	2
5200	2
5201	2
5202	3
5203	2
5204	2
5205	2
5206	2
5207	2
5208	5
5209	2
5210	2
5211	3
5212	2
5213	2
5214	2
5215	5
5216	2
5217	2
5218	2
5219	2
5220	2
5221	2
5222	2
5223	1
5224	1
5225	2
5226	2
5227	1
5228	2
5229	1
5230	1
5231	2
5232	2
5233	2
5234	2
5235	1
5236	6
5237	2
5238	3
5239	1
5240	2
5241	1
5242	2
5243	7
5244	6
5245	4
5246	3
5247	2
5248	2
5249	2
5250	2
5251	1
5252	2
5253	2
5254	2
5255	2
5256	2
5257	2
5258	4
5259	2
5260	2
5261	2
5262	2
5263	4
5264	3
5265	4
5266	1
5267	4
5268	3
5269	4
5270	3
5271	2
5272	2
5273	2
5274	3
5275	3
5276	1
5277	2
5278	1
5279	2
5280	1
5281	2
5282	1
5283	3
5284	2
5285	1
5286	2
5287	1
5288	2
5289	2
5290	3
5291	3
5292	2
5293	2
5294	2
5295	2
5296	2
5297	3
5298	2
5299	2
5300	2
5301	2
5302	2
5303	2
5304	2
5305	3
5306	2
5307	1
5308	1
5309	2
5310	1
5311	2
5312	1
5313	3
5314	1
5315	2
5316	1
5317	2
5318	3
5319	2
5320	1
5321	3
5322	2
5323	1
5324	2
5325	1
5326	1
5327	1
5328	1
5329	1
5330	1
5331	1
5332	2
5333	1
5334	1
5335	2
5336	1
5337	2
5338	1
5339	2
5340	1
5341	2
5342	2
5343	2
5344	3
5345	3
5346	2
5347	4
5348	2
5349	4
5350	7
5351	3
5352	2
5353	4
5354	2
5355	3
5356	2
5357	2
5358	2
5359	5
5360	3
5361	3
5362	3
5363	2
5364	6
5365	4
5366	2
5367	2
5368	2
5369	3
5370	2
5371	2
5372	2
5373	1
5374	2
5375	2
5376	2
5377	4
5378	2
5379	2
5380	2
5381	3
5382	2
5383	2
5384	3
5385	2
5386	1
5387	1
5388	2
5389	1
5390	2
5391	2
5392	5
5393	2
5394	1
5395	2
5396	1
5397	3
5398	5
5399	1
5400	2
5401	1
5402	2
5403	2
5404	2
5405	2
5406	2
5407	2
5408	3
5409	2
5410	1
5411	1
5412	1
5413	2
5414	1
5415	2
5416	1
5417	2
5418	3
5419	1
5420	2
5421	1
5422	1
5423	1
5424	1
5425	1
5426	2
5427	1
5428	2
5429	4
5430	1
5431	2
5432	1
5433	2
5434	4
5435	3
5436	1
5437	1
5438	1
5439	1
5440	1
5441	1
5442	1
5443	2
5444	2
5445	1
5446	2
5447	1
5448	2
5449	1
5450	2
5451	2
5452	3
5453	3
5454	2
5455	2
5456	3
5457	3
5458	3
5459	2
5460	2
5461	2
5462	2
5463	4
5464	2
5465	2
5466	3
5467	2
5468	2
5469	2
5470	4
5471	2
5472	2
5473	4
5474	3
5475	3
5476	3
5477	3
5478	2
5479	2
5480	2
5481	3
5482	2
5483	1
5484	2
5485	1
5486	2
5487	1
5488	2
5489	1
5490	2
5491	3
5492	1
5493	2
5494	1
5495	4
5496	1
5497	2
5498	3
5499	1
5500	1
5501	1
5502	2
5503	1
5504	1
5505	2
5506	1
5507	2
5508	1
5509	2
5510	1
5511	1
5512	1
5513	1
5514	1
5515	1
5516	2
5517	1
5518	2
5519	1
5520	3
5521	2
5522	2
5523	1
5524	2
5525	1
5526	2
5527	4
5528	2
5529	2
5530	2
5531	1
5532	2
5533	2
5534	1
5535	1
5536	3
5537	1
5538	2
5539	2
5540	30
5541	1
5542	2
5543	3
5544	2
5545	2
5546	2
5547	3
5548	2
5549	2
5550	4
5551	2
5552	4
5553	2
5554	1
5555	2
5556	1
5557	2
5558	1
5559	1
5560	2
5561	1
5562	2
5563	1
5564	2
5565	1
5566	1
5567	2
5568	1
5569	2
5570	1
5571	2
5572	2
5573	2
5574	3
5575	1
5576	2
5577	1
5578	5
5579	3
5580	6
5581	1
5582	1
5583	2
5584	1
5585	4
5586	1
5587	2
5588	1
5589	2
5590	2
5591	1
5592	2
5593	2
5594	3
5595	1
5596	1
5597	2
5598	1
5599	2
5600	1
5601	1
5602	2
5603	1
5604	3
5605	1
5606	2
5607	1
5608	2
5609	1
5610	2
5611	1
5612	1
5613	2
5614	2
5615	3
5616	1
5617	1
5618	2
5619	1
5620	3
5621	2
5622	4
5623	2
5624	2
5625	2
5626	2
5627	2
5628	1
5629	3
5630	1
5631	2
5632	1
5633	2
5634	1
5635	2
5636	1
5637	1
5638	2
5639	2
5640	2
5641	2
5642	2
5643	2
5644	2
5645	3
5646	3
5647	2
5648	4
5649	1
5650	1
5651	2
5652	2
5653	4
5654	2
5655	2
5656	2
5657	2
5658	2
5659	1
5660	4
5661	2
5662	2
5663	3
5664	2
5665	2
5666	2
5667	2
5668	2
5669	2
5670	2
5671	2
5672	1
5673	2
5674	1
5675	2
5676	2
5677	3
5678	2
5679	2
5680	2
5681	1
5682	2
5683	4
5684	3
5685	2
5686	3
5687	2
5688	3
5689	10
5690	2
5691	2
5692	4
5693	3
5694	2
5695	2
5696	2
5697	2
5698	2
5699	2
5700	2
5701	2
5702	2
5703	2
5704	2
5705	3
5706	2
5707	2
5708	3
5709	2
5710	1
5711	2
5712	2
5713	1
5714	2
5715	1
5716	3
5717	2
5718	1
5719	2
5720	2
5721	2
5722	2
5723	2
5724	1
5725	5
5726	1
5727	2
5728	1
5729	1
5730	2
5731	1
5732	2
5733	1
5734	1
5735	2
5736	1
5737	2
5738	1
5739	1
5740	2
5741	1
5742	2
5743	1
5744	2
5745	2
5746	2
5747	2
5748	1
5749	2
5750	1
5751	1
5752	1
5753	1
5754	3
5755	2
5756	2
5757	2
5758	1
5759	1
5760	2
5761	3
5762	3
5763	1
5764	2
5765	1
5766	2
5767	1
5768	2
5769	1
5770	2
5771	2
5772	4
5773	2
5774	2
5775	2
5776	1
5777	4
5778	5
5779	1
5780	1
5781	1
5782	2
5783	5
5784	2
5785	1
5786	2
5787	2
5788	2
5789	1
5790	2
5791	1
5792	1
5793	2
5794	1
5795	1
5796	2
5797	1
5798	2
5799	2
5800	1
5801	2
5802	5
5803	5
5804	2
5805	1
5806	1
5807	3
5808	2
5809	1
5810	2
5811	2
5812	2
5813	2
5814	1
5815	4
5816	2
5817	1
5818	2
5819	1
5820	2
5821	1
5822	1
5823	1
5824	1
5825	1
5826	1
5827	2
5828	2
5829	2
5830	2
5831	3
5832	2
5833	1
5834	2
5835	2
5836	3
5837	1
5838	1
5839	1
5840	2
5841	2
5842	4
5843	2
5844	2
5845	2
5846	1
5847	1
5848	2
5849	2
5850	2
5851	2
5852	2
5853	2
5854	2
5855	3
5856	2
5857	3
5858	2
5859	2
5860	2
5861	2
5862	2
5863	4
5864	2
5865	2
5866	3
5867	2
5868	2
5869	3
5870	3
5871	2
5872	1
5873	3
5874	1
5875	1
5876	1
5877	2
5878	2
5879	2
5880	3
5881	2
5882	2
5883	2
5884	2
5885	2
5886	2
5887	3
5888	2
5889	3
5890	2
5891	2
5892	5
5893	2
5894	2
5895	13
5896	2
5897	2
5898	2
5899	2
5900	2
5901	2
5902	3
5903	2
5904	1
5905	2
5906	2
5907	1
5908	2
5909	3
5910	2
5911	6
5912	3
5913	2
5914	1
5915	2
5916	3
5917	1
5918	1
5919	2
5920	2
5921	1
5922	1
5923	2
5924	3
5925	1
5926	1
5927	1
5928	1
5929	1
5930	2
5931	1
5932	2
5933	1
5934	2
5935	1
5936	2
5937	1
5938	1
5939	1
5940	1
5941	2
5942	1
5943	2
5944	2
5945	1
5946	3
5947	2
5948	2
5949	2
5950	1
5951	2
5952	1
5953	2
5954	1
5955	3
5956	2
5957	2
5958	1
5959	2
5960	1
5961	2
5962	1
5963	2
5964	2
5965	1
5966	1
5967	1
5968	2
5969	1
5970	1
5971	1
5972	1
5973	2
5974	2
5975	3
5976	2
5977	1
5978	1
5979	1
5980	1
5981	1
5982	1
5983	4
5984	2
5985	2
5986	2
5987	2
5988	2
5989	2
5990	2
5991	2
5992	1
5993	2
5994	2
5995	2
5996	3
5997	3
5998	5
5999	3
6000	4
6001	4
6002	3
6003	2
6004	3
6005	2
6006	2
6007	3
6008	2
6009	2
6010	3
6011	2
6012	2
6013	2
6014	1
6015	2
6016	2
6017	3
6018	1
6019	2
6020	4
6021	2
6022	2
6023	4
6024	6
6025	2
6026	1
6027	2
6028	1
6029	3
6030	1
6031	1
6032	1
6033	1
6034	1
6035	2
6036	1
6037	2
6038	1
6039	3
6040	2
6041	2
6042	3
6043	2
6044	2
6045	2
6046	4
6047	2
6048	3
6049	2
6050	2
6051	2
6052	2
6053	2
6054	3
6055	1
6056	2
6057	2
6058	1
6059	1
6060	1
6061	1
6062	3
6063	2
6064	1
6065	2
6066	1
6067	2
6068	1
6069	2
6070	2
6071	3
6072	1
6073	2
6074	1
6075	1
6076	2
6077	1
6078	2
6079	1
6080	2
6081	1
6082	1
6083	1
6084	1
6085	2
6086	1
6087	2
6088	2
6089	2
6090	2
6091	2
6092	2
6093	4
6094	2
6095	2
6096	2
6097	2
6098	3
6099	2
6100	2
6101	2
6102	2
6103	2
6104	2
6105	3
6106	3
6107	4
6108	2
6109	3
6110	3
6111	6
6112	3
6113	2
6114	2
6115	3
6116	3
6117	1
6118	1
6119	2
6120	1
6121	2
6122	2
6123	4
6124	2
6125	2
6126	3
6127	2
6128	3
6129	4
6130	9
6131	2
6132	2
6133	2
6134	4
6135	1
6136	2
6137	1
6138	1
6139	2
6140	1
6141	1
6142	1
6143	2
6144	2
6145	1
6146	2
6147	1
6148	2
6149	1
6150	1
6151	2
6152	1
6153	2
6154	1
6155	2
6156	2
6157	2
6158	2
6159	1
6160	2
6161	1
6162	1
6163	2
6164	3
6165	2
6166	1
6167	3
6168	2
6169	2
6170	2
6171	2
6172	3
6173	1
6174	1
6175	2
6176	1
6177	2
6178	1
6179	2
6180	2
6181	1
6182	2
6183	1
6184	2
6185	2
6186	1
6187	2
6188	1
6189	1
6190	2
6191	1
6192	2
6193	3
6194	3
6195	2
6196	2
6197	2
6198	3
6199	3
6200	2
6201	3
6202	2
6203	2
6204	3
6205	4
6206	2
6207	2
6208	2
6209	2
6210	2
6211	1
6212	2
6213	1
6214	2
6215	2
6216	5
6217	2
6218	2
6219	1
6220	4
6221	2
6222	5
6223	1
6224	2
6225	4
6226	1
6227	2
6228	2
6229	1
6230	2
6231	1
6232	2
6233	1
6234	2
6235	4
6236	2
6237	2
6238	1
6239	2
6240	2
6241	2
6242	3
6243	3
6244	1
6245	2
6246	1
6247	2
6248	2
6249	1
6250	5
6251	3
6252	7
6253	3
6254	3
6255	2
6256	2
6257	2
6258	2
6259	2
6260	2
6261	2
6262	2
6263	2
6264	2
6265	2
6266	2
6267	2
6268	2
6269	2
6270	3
6271	2
6272	2
6273	2
6274	2
6275	2
6276	4
6277	3
6278	3
6279	1
6280	1
6281	2
6282	1
6283	2
6284	3
6285	1
6286	1
6287	2
6288	1
6289	2
6290	1
6291	1
6292	2
6293	1
6294	2
6295	2
6296	1
6297	2
6298	1
6299	2
6300	1
6301	2
6302	2
6303	1
6304	2
6305	2
6306	2
6307	2
6308	2
6309	1
6310	2
6311	1
6312	2
6313	2
6314	5
6315	2
6316	1
6317	2
6318	2
6319	1
6320	2
6321	3
6322	2
6323	1
6324	2
6325	2
6326	1
6327	2
6328	2
6329	2
6330	3
6331	1
6332	2
6333	1
6334	2
6335	1
6336	2
6337	1
6338	2
6339	1
6340	2
6341	1
6342	2
6343	5
6344	2
6345	1
6346	3
6347	4
6348	4
6349	3
6350	2
6351	2
6352	31
6353	2
6354	1
6355	2
6356	2
6357	1
6358	2
6359	2
6360	2
6361	1
6362	1
6363	1
6364	2
6365	3
6366	2
6367	1
6368	2
6369	1
6370	2
6371	1
6372	2
6373	4
6374	2
6375	2
6376	2
6377	2
6378	2
6379	2
6380	2
6381	2
6382	1
6383	2
6384	1
6385	2
6386	1
6387	2
6388	1
6389	2
6390	4
6391	2
6392	2
6393	2
6394	3
6395	3
6396	2
6397	1
6398	1
6399	2
6400	2
6401	3
6402	6
6403	3
6404	4
6405	3
6406	2
6407	1
6408	3
6409	2
6410	2
6411	1
6412	2
6413	2
6414	2
6415	2
6416	3
6417	2
6418	1
6419	2
6420	1
6421	2
6422	1
6423	2
6424	2
6425	1
6426	2
6427	2
6428	1
6429	1
6430	2
6431	1
6432	2
6433	1
6434	2
6435	1
6436	2
6437	2
6438	2
6439	2
6440	2
6441	4
6442	1
6443	2
6444	11
6445	1
6446	1
6447	1
6448	3
6449	1
6450	1
6451	1
6452	1
6453	2
6454	1
6455	2
6456	2
6457	1
6458	2
6459	2
6460	1
6461	1
6462	2
6463	2
6464	4
6465	9
6466	3
6467	3
6468	3
6469	4
6470	2
6471	1
6472	2
6473	2
6474	1
6475	2
6476	3
6477	2
6478	2
6479	1
6480	3
6481	2
6482	1
6483	2
6484	4
6485	2
6486	1
6487	2
6488	1
6489	2
6490	1
6491	2
6492	1
6493	2
6494	1
6495	2
6496	1
6497	1
6498	2
6499	2
6500	3
6501	1
6502	2
6503	2
6504	2
6505	2
6506	2
6507	1
6508	2
6509	1
6510	2
6511	1
6512	3
6513	1
6514	2
6515	3
6516	2
6517	2
6518	2
6519	1
6520	3
6521	1
6522	2
6523	1
6524	2
6525	1
6526	2
6527	1
6528	1
6529	2
6530	1
6531	2
6532	1
6533	2
6534	1
6535	2
6536	1
6537	3
6538	1
6539	2
6540	1
6541	2
6542	2
6543	2
6544	1
6545	1
6546	2
6547	2
6548	2
6549	4
6550	6
6551	2
6552	5
6553	4
6554	2
6555	2
6556	2
6557	2
6558	4
6559	2
6560	2
6561	2
6562	2
6563	2
6564	2
6565	4
6566	4
6567	2
6568	2
6569	3
6570	4
6571	9
6572	2
6573	2
6574	3
6575	3
6576	2
6577	2
6578	1
6579	2
6580	1
6581	2
6582	2
6583	2
6584	3
6585	2
6586	3
6587	2
6588	4
6589	3
6590	2
6591	3
6592	2
6593	3
6594	3
6595	2
6596	2
6597	2
6598	2
6599	2
6600	2
6601	2
6602	2
6603	2
6604	2
6605	2
6606	2
6607	2
6608	3
6609	2
6610	3
6611	3
6612	1
6613	2
6614	1
6615	2
6616	1
6617	2
6618	3
6619	2
6620	1
6621	2
6622	1
6623	2
6624	1
6625	1
6626	2
6627	3
6628	1
6629	2
6630	1
6631	2
6632	1
6633	1
6634	1
6635	1
6636	2
6637	2
6638	1
6639	1
6640	1
6641	2
6642	1
6643	2
6644	2
6645	1
6646	2
6647	3
6648	2
6649	1
6650	2
6651	1
6652	2
6653	1
6654	2
6655	2
6656	3
6657	2
6658	2
6659	2
6660	1
6661	1
6662	2
6663	1
6664	1
6665	2
6666	1
6667	4
6668	1
6669	1
6670	2
6671	1
6672	2
6673	1
6674	4
6675	1
6676	2
6677	1
6678	2
6679	1
6680	1
6681	4
6682	2
6683	1
6684	4
6685	2
6686	2
6687	2
6688	1
6689	4
6690	3
6691	1
6692	2
6693	1
6694	1
6695	2
6696	1
6697	4
6698	2
6699	1
6700	1
6701	1
6702	2
6703	1
6704	2
6705	3
6706	3
6707	2
6708	2
6709	2
6710	2
6711	5
6712	5
6713	3
6714	2
6715	4
6716	2
6717	2
6718	2
6719	3
6720	2
6721	4
6722	3
6723	2
6724	2
6725	2
6726	2
6727	2
6728	4
6729	2
6730	3
6731	2
6732	2
6733	2
6734	5
6735	2
6736	2
6737	2
6738	2
6739	2
6740	2
6741	2
6742	2
6743	2
6744	2
6745	2
6746	2
6747	2
6748	3
6749	3
6750	2
6751	2
6752	2
6753	2
6754	2
6755	2
6756	3
6757	2
6758	3
6759	3
6760	3
6761	3
6762	2
6763	3
6764	2
6765	2
6766	2
6767	2
6768	1
6769	2
6770	1
6771	2
6772	3
6773	2
6774	3
6775	2
6776	3
6777	7
6778	2
6779	3
6780	2
6781	7
6782	5
6783	2
6784	2
6785	4
6786	3
6787	2
6788	2
6789	2
6790	1
6791	1
6792	1
6793	3
6794	3
6795	3
6796	3
6797	2
6798	2
6799	3
6800	4
6801	1
6802	1
6803	1
6804	1
6805	2
6806	2
6807	2
6808	2
6809	1
6810	2
6811	1
6812	1
6813	1
6814	1
6815	2
6816	1
6817	4
6818	1
6819	2
6820	2
6821	1
6822	2
6823	2
6824	1
6825	2
6826	2
6827	2
6828	2
6829	2
6830	1
6831	2
6832	3
6833	1
6834	2
6835	3
6836	2
6837	1
6838	2
6839	2
6840	2
6841	2
6842	4
6843	3
6844	2
6845	2
6846	2
6847	2
6848	2
6849	2
6850	2
6851	2
6852	3
6853	2
6854	2
6855	2
6856	2
6857	2
6858	3
6859	2
6860	2
6861	2
6862	2
6863	2
6864	3
6865	2
6866	2
6867	2
6868	3
6869	1
6870	2
6871	1
6872	3
6873	2
6874	2
6875	2
6876	2
6877	2
6878	1
6879	2
6880	4
6881	6
6882	2
6883	3
6884	2
6885	8
6886	2
6887	3
6888	2
6889	4
6890	2
6891	2
6892	2
6893	2
6894	2
6895	2
6896	2
6897	3
6898	2
6899	2
6900	2
6901	2
6902	12
6903	2
6904	3
6905	6
6906	5
6907	2
6908	2
6909	2
6910	1
6911	4
6912	1
6913	2
6914	1
6915	2
6916	2
6917	2
6918	2
6919	2
6920	2
6921	2
6922	2
6923	2
6924	2
6925	3
6926	2
6927	2
6928	2
6929	3
6930	2
6931	2
6932	4
6933	2
6934	3
6935	2
6936	2
6937	2
6938	2
6939	4
6940	2
6941	2
6942	3
6943	2
6944	2
6945	3
6946	3
6947	2
6948	2
6949	2
6950	2
6951	2
6952	3
6953	2
6954	2
6955	2
6956	3
6957	2
6958	2
6959	4
6960	2
6961	2
6962	2
6963	1
6964	2
6965	1
6966	1
6967	1
6968	1
6969	2
6970	1
6971	2
6972	1
6973	2
6974	1
6975	2
6976	1
6977	2
6978	1
6979	3
6980	3
6981	2
6982	2
6983	2
6984	2
6985	1
6986	3
6987	2
6988	2
6989	7
6990	6
6991	4
